Workbook
Name 顧客データベース20250213140013_0: コミュおまとめ!$A$1:$I$691
Name 顧客データベース20250213140013_0: 'まとめ継続(1月)'!$B$1:$J$691

Sheet Sheet11
A1: タイプ1 | B1: タイプ2 | C1: 商品名 | D1: 計上月 | E1: 合計金額 | F1: N
A2: まとめ継続 | B2: 全体売上 | C2: 3ヶ月会員（ライト・クレカ自動更新） | D2: 46143 | E2: 0 | F2: 1
A3: まとめ継続 | B3: 全体売上 | C3: 3ヶ月会員（ライト・クレカ自動更新） | D3: 46174 | E3: 79200 | F3: 2
A4: まとめ継続 | B4: 全体売上 | C4: 3ヶ月会員（ライト・クレカ自動更新） | D4: 46204 | E4: 1683000 | F4: 3
A5: まとめ継続 | B5: 全体売上 | C5: 3ヶ月会員（ライト・クレカ自動更新） | D5: 46235 | E5: 1881000 | F5: 4
A6: まとめ継続 | B6: 全体売上 | C6: 3ヶ月会員（ライト・クレカ自動更新） | D6: 46266 | E6: 1801800 | F6: 5
A7: まとめ継続 | B7: 全体売上 | C7: 3ヶ月会員（ライト・クレカ自動更新） | D7: 46296 | E7: 198000 | F7: 6
A8: まとめ継続 | B8: 全体売上 | C8: 3ヶ月会員（ライト・クレカ自動更新） | D8: 46327 | E8: 0 | F8: 7
A9: まとめ継続 | B9: 全体売上 | C9: 3ヶ月会員（ライト・クレカ自動更新） | D9: 46357 | E9: 0 | F9: 8
A10: まとめ継続 | B10: 全体売上 | C10: 3ヶ月会員（ライト・クレカ自動更新） | D10: 46388 | E10: 0 | F10: 9
A11: まとめ継続 | B11: 全体売上 | C11: 3ヶ月会員（ライト・クレカ自動更新） | D11: 46419 | E11: 0 | F11: 10
A12: まとめ継続 | B12: 全体売上 | C12: 3ヶ月会員（ライト・クレカ自動更新） | D12: 46447 | E12: 0 | F12: 11
A13: まとめ継続 | B13: 全体売上 | C13: 3ヶ月会員（ライト・クレカ自動更新） | D13: 46478 | E13: 0 | F13: 12
... A265: まとめ継続 | B265: 自社分 | C265: 銀振会員（更新要ｶｸﾆﾝ）Apex年間 | D265: 46784 | E265: 0 | F265: 264

Sheet Sheet11 (3月)
A1: タイプ1 | B1: タイプ2 | C1: 商品名 | D1: 計上月 | E1: 合計金額 | F1: N
A2: まとめ継続 | B2: 全体売上 | C2: 3ヶ月会員（ライト・クレカ自動更新） | D2: 46113 | E2: 0 | F2: 1
A3: まとめ継続 | B3: 全体売上 | C3: 3ヶ月会員（ライト・クレカ自動更新） | D3: 46143 | E3: 277200 | F3: 2
A4: まとめ継続 | B4: 全体売上 | C4: 3ヶ月会員（ライト・クレカ自動更新） | D4: 46174 | E4: 356400 | F4: 3
A5: まとめ継続 | B5: 全体売上 | C5: 3ヶ月会員（ライト・クレカ自動更新） | D5: 46204 | E5: 1960200 | F5: 4
A6: まとめ継続 | B6: 全体売上 | C6: 3ヶ月会員（ライト・クレカ自動更新） | D6: 46235 | E6: 1702800 | F6: 5
A7: まとめ継続 | B7: 全体売上 | C7: 3ヶ月会員（ライト・クレカ自動更新） | D7: 46266 | E7: 1623600 | F7: 6
A8: まとめ継続 | B8: 全体売上 | C8: 3ヶ月会員（ライト・クレカ自動更新） | D8: 46296 | E8: 19800 | F8: 7
A9: まとめ継続 | B9: 全体売上 | C9: 3ヶ月会員（ライト・クレカ自動更新） | D9: 46327 | E9: 0 | F9: 8
A10: まとめ継続 | B10: 全体売上 | C10: 3ヶ月会員（ライト・クレカ自動更新） | D10: 46357 | E10: 0 | F10: 9
A11: まとめ継続 | B11: 全体売上 | C11: 3ヶ月会員（ライト・クレカ自動更新） | D11: 46388 | E11: 0 | F11: 10
A12: まとめ継続 | B12: 全体売上 | C12: 3ヶ月会員（ライト・クレカ自動更新） | D12: 46419 | E12: 0 | F12: 11
A13: まとめ継続 | B13: 全体売上 | C13: 3ヶ月会員（ライト・クレカ自動更新） | D13: 46447 | E13: 0 | F13: 12
... A265: まとめ継続 | B265: 自社分 | C265: 銀振会員（更新要ｶｸﾆﾝ）Apex年間 | D265: 46753 | E265: 0 | F265: 264

Sheet Sheet11 (2月)
A1: タイプ1 | B1: タイプ2 | C1: 商品名 | D1: 計上月 | E1: 合計金額 | F1: N
A2: まとめ継続 | B2: 全体売上 | C2: 3ヶ月会員（ライト・クレカ自動更新） | D2: 46082 | E2: 0 | F2: 1
A3: まとめ継続 | B3: 全体売上 | C3: 3ヶ月会員（ライト・クレカ自動更新） | D3: 46113 | E3: 1663200 | F3: 2
A4: まとめ継続 | B4: 全体売上 | C4: 3ヶ月会員（ライト・クレカ自動更新） | D4: 46143 | E4: 2118600 | F4: 3
A5: まとめ継続 | B5: 全体売上 | C5: 3ヶ月会員（ライト・クレカ自動更新） | D5: 46174 | E5: 2197800 | F5: 4
A6: まとめ継続 | B6: 全体売上 | C6: 3ヶ月会員（ライト・クレカ自動更新） | D6: 46204 | E6: 534600 | F6: 5
A7: まとめ継続 | B7: 全体売上 | C7: 3ヶ月会員（ライト・クレカ自動更新） | D7: 46235 | E7: 79200 | F7: 6
A8: まとめ継続 | B8: 全体売上 | C8: 3ヶ月会員（ライト・クレカ自動更新） | D8: 46266 | E8: 0 | F8: 7
A9: まとめ継続 | B9: 全体売上 | C9: 3ヶ月会員（ライト・クレカ自動更新） | D9: 46296 | E9: 0 | F9: 8
A10: まとめ継続 | B10: 全体売上 | C10: 3ヶ月会員（ライト・クレカ自動更新） | D10: 46327 | E10: 0 | F10: 9
A11: まとめ継続 | B11: 全体売上 | C11: 3ヶ月会員（ライト・クレカ自動更新） | D11: 46357 | E11: 0 | F11: 10
A12: まとめ継続 | B12: 全体売上 | C12: 3ヶ月会員（ライト・クレカ自動更新） | D12: 46388 | E12: 0 | F12: 11
A13: まとめ継続 | B13: 全体売上 | C13: 3ヶ月会員（ライト・クレカ自動更新） | D13: 46419 | E13: 0 | F13: 12
... A265: まとめ継続 | B265: 自社分 | C265: 銀振会員（更新要ｶｸﾆﾝ）Apex年間 | D265: 46722 | E265: 0 | F265: 264

Sheet Sheet11 (1月)
A1: タイプ1 | B1: タイプ2 | C1: 商品名 | D1: 計上月 | E1: 合計金額 | F1: N
A2: まとめ継続 | B2: 全体売上 | C2: 3ヶ月会員（ライト・クレカ自動更新） | D2: 46054 | E2: 0 | F2: 1
A3: まとめ継続 | B3: 全体売上 | C3: 3ヶ月会員（ライト・クレカ自動更新） | D3: 46082 | E3: 39600 | F3: 2
A4: まとめ継続 | B4: 全体売上 | C4: 3ヶ月会員（ライト・クレカ自動更新） | D4: 46113 | E4: 1762200 | F4: 3
A5: まとめ継続 | B5: 全体売上 | C5: 3ヶ月会員（ライト・クレカ自動更新） | D5: 46143 | E5: 2217600 | F5: 4
A6: まとめ継続 | B6: 全体売上 | C6: 3ヶ月会員（ライト・クレカ自動更新） | D6: 46174 | E6: 2178000 | F6: 5
A7: まとめ継続 | B7: 全体売上 | C7: 3ヶ月会員（ライト・クレカ自動更新） | D7: 46204 | E7: 455400 | F7: 6
A8: まとめ継続 | B8: 全体売上 | C8: 3ヶ月会員（ライト・クレカ自動更新） | D8: 46235 | E8: 0 | F8: 7
A9: まとめ継続 | B9: 全体売上 | C9: 3ヶ月会員（ライト・クレカ自動更新） | D9: 46266 | E9: 0 | F9: 8
A10: まとめ継続 | B10: 全体売上 | C10: 3ヶ月会員（ライト・クレカ自動更新） | D10: 46296 | E10: 0 | F10: 9
A11: まとめ継続 | B11: 全体売上 | C11: 3ヶ月会員（ライト・クレカ自動更新） | D11: 46327 | E11: 0 | F11: 10
A12: まとめ継続 | B12: 全体売上 | C12: 3ヶ月会員（ライト・クレカ自動更新） | D12: 46357 | E12: 0 | F12: 11
A13: まとめ継続 | B13: 全体売上 | C13: 3ヶ月会員（ライト・クレカ自動更新） | D13: 46388 | E13: 0 | F13: 12
... A265: まとめ継続 | B265: 自社分 | C265: 銀振会員（更新要ｶｸﾆﾝ）Apex年間 | D265: 46692 | E265: 0 | F265: 264

Sheet Sheet11 (12月)
A1: タイプ1 | B1: タイプ2 | C1: 商品名 | D1: 計上月 | E1: 合計金額 | F1: N
A2: まとめ継続 | B2: 全体売上 | C2: 3ヶ月会員（ライト・クレカ自動更新） | D2: 46023 | E2: 0 | F2: 1
A3: まとめ継続 | B3: 全体売上 | C3: 3ヶ月会員（ライト・クレカ自動更新） | D3: 46054 | E3: 336600 | F3: 2
A4: まとめ継続 | B4: 全体売上 | C4: 3ヶ月会員（ライト・クレカ自動更新） | D4: 46082 | E4: 376200 | F4: 3
A5: まとめ継続 | B5: 全体売上 | C5: 3ヶ月会員（ライト・クレカ自動更新） | D5: 46113 | E5: 2118600 | F5: 4
A6: まとめ継続 | B6: 全体売上 | C6: 3ヶ月会員（ライト・クレカ自動更新） | D6: 46143 | E6: 1782000 | F6: 5
A7: まとめ継続 | B7: 全体売上 | C7: 3ヶ月会員（ライト・クレカ自動更新） | D7: 46174 | E7: 1742400 | F7: 6
A8: まとめ継続 | B8: 全体売上 | C8: 3ヶ月会員（ライト・クレカ自動更新） | D8: 46204 | E8: 0 | F8: 7
A9: まとめ継続 | B9: 全体売上 | C9: 3ヶ月会員（ライト・クレカ自動更新） | D9: 46235 | E9: 0 | F9: 8
A10: まとめ継続 | B10: 全体売上 | C10: 3ヶ月会員（ライト・クレカ自動更新） | D10: 46266 | E10: 0 | F10: 9
A11: まとめ継続 | B11: 全体売上 | C11: 3ヶ月会員（ライト・クレカ自動更新） | D11: 46296 | E11: 0 | F11: 10
A12: まとめ継続 | B12: 全体売上 | C12: 3ヶ月会員（ライト・クレカ自動更新） | D12: 46327 | E12: 0 | F12: 11
A13: まとめ継続 | B13: 全体売上 | C13: 3ヶ月会員（ライト・クレカ自動更新） | D13: 46357 | E13: 0 | F13: 12
... A265: まとめ継続 | B265: 自社分 | C265: 銀振会員（更新要ｶｸﾆﾝ）Apex年間 | D265: 46661 | E265: 4245.75 | F265: 264

Sheet Sheet11 (11月)
A1: タイプ1 | B1: タイプ2 | C1: 商品名 | D1: 計上月 | E1: 合計金額 | F1: N
A2: まとめ継続 | B2: 全体売上 | C2: 3ヶ月会員（ライト・クレカ自動更新） | D2: 45992 | E2: 0 | F2: 1
A3: まとめ継続 | B3: 全体売上 | C3: 3ヶ月会員（ライト・クレカ自動更新） | D3: 46023 | E3: 930600 | F3: 2
A4: まとめ継続 | B4: 全体売上 | C4: 3ヶ月会員（ライト・クレカ自動更新） | D4: 46054 | E4: 1267200 | F4: 3
A5: まとめ継続 | B5: 全体売上 | C5: 3ヶ月会員（ライト・クレカ自動更新） | D5: 46082 | E5: 1306800 | F5: 4
A6: まとめ継続 | B6: 全体売上 | C6: 3ヶ月会員（ライト・クレカ自動更新） | D6: 46113 | E6: 732600 | F6: 5
A7: まとめ継続 | B7: 全体売上 | C7: 3ヶ月会員（ライト・クレカ自動更新） | D7: 46143 | E7: 396000 | F7: 6
A8: まとめ継続 | B8: 全体売上 | C8: 3ヶ月会員（ライト・クレカ自動更新） | D8: 46174 | E8: 356400 | F8: 7
A9: まとめ継続 | B9: 全体売上 | C9: 3ヶ月会員（ライト・クレカ自動更新） | D9: 46204 | E9: 0 | F9: 8
A10: まとめ継続 | B10: 全体売上 | C10: 3ヶ月会員（ライト・クレカ自動更新） | D10: 46235 | E10: 0 | F10: 9
A11: まとめ継続 | B11: 全体売上 | C11: 3ヶ月会員（ライト・クレカ自動更新） | D11: 46266 | E11: 0 | F11: 10
A12: まとめ継続 | B12: 全体売上 | C12: 3ヶ月会員（ライト・クレカ自動更新） | D12: 46296 | E12: 0 | F12: 11
A13: まとめ継続 | B13: 全体売上 | C13: 3ヶ月会員（ライト・クレカ自動更新） | D13: 46327 | E13: 0 | F13: 12
... A265: まとめ継続 | B265: 自社分 | C265: 銀振会員（更新要ｶｸﾆﾝ）Apex年間 | D265: 46631 | E265: 4245 | F265: 264

Sheet Sheet11 (10月)
A1: タイプ1 | B1: タイプ2 | C1: 商品名 | D1: 計上月 | E1: 合計金額 | F1: N
A2: まとめ継続 | B2: 全体売上 | C2: 3ヶ月会員（ライト・クレカ自動更新） | D2: 45962 | E2: 0 | F2: 1
A3: まとめ継続 | B3: 全体売上 | C3: 3ヶ月会員（ライト・クレカ自動更新） | D3: 45992 | E3: 39600 | F3: 2
A4: まとめ継続 | B4: 全体売上 | C4: 3ヶ月会員（ライト・クレカ自動更新） | D4: 46023 | E4: 990000 | F4: 3
A5: まとめ継続 | B5: 全体売上 | C5: 3ヶ月会員（ライト・クレカ自動更新） | D5: 46054 | E5: 1326600 | F5: 4
A6: まとめ継続 | B6: 全体売上 | C6: 3ヶ月会員（ライト・クレカ自動更新） | D6: 46082 | E6: 1306800 | F6: 5
A7: まとめ継続 | B7: 全体売上 | C7: 3ヶ月会員（ライト・クレカ自動更新） | D7: 46113 | E7: 356400 | F7: 6
A8: まとめ継続 | B8: 全体売上 | C8: 3ヶ月会員（ライト・クレカ自動更新） | D8: 46143 | E8: 19800 | F8: 7
A9: まとめ継続 | B9: 全体売上 | C9: 3ヶ月会員（ライト・クレカ自動更新） | D9: 46174 | E9: 0 | F9: 8
A10: まとめ継続 | B10: 全体売上 | C10: 3ヶ月会員（ライト・クレカ自動更新） | D10: 46204 | E10: 0 | F10: 9
A11: まとめ継続 | B11: 全体売上 | C11: 3ヶ月会員（ライト・クレカ自動更新） | D11: 46235 | E11: 0 | F11: 10
A12: まとめ継続 | B12: 全体売上 | C12: 3ヶ月会員（ライト・クレカ自動更新） | D12: 46266 | E12: 0 | F12: 11
A13: まとめ継続 | B13: 全体売上 | C13: 3ヶ月会員（ライト・クレカ自動更新） | D13: 46296 | E13: 0 | F13: 12
... A265: まとめ継続 | B265: 自社分 | C265: 銀振会員（更新要ｶｸﾆﾝ）Apex年間 | D265: 46600 | E265: 16983 | F265: 264

Sheet Sheet11 (9月)
A1: タイプ1 | B1: タイプ2 | C1: 商品名 | D1: 計上月 | E1: 合計金額 | F1: N
A2: まとめ継続 | B2: 全体売上 | C2: 3ヶ月会員（ライト・クレカ自動更新） | D2: 45931 | E2: 0 | F2: 1
A3: まとめ継続 | B3: 全体売上 | C3: 6ヶ月会員（ライト・クレカ自動更新） | D3: 45931 | E3: 0 | F3: 23
A4: まとめ継続 | B4: 全体売上 | C4: Apex年間会員（自動更新） | D4: 45931 | E4: 0 | F4: 45
A5: まとめ継続 | B5: 全体売上 | C5: 銀振会員（更新要ｶｸﾆﾝ）3ヶ月 | D5: 45931 | E5: 0 | F5: 68
A6: まとめ継続 | B6: 全体売上 | C6: 銀振会員（更新要ｶｸﾆﾝ）6ヶ月 | D6: 45931 | E6: 0 | F6: 90
A7: まとめ継続 | B7: 全体売上 | C7: 銀振会員（更新要ｶｸﾆﾝ）Apex年間 | D7: 45931 | E7: 0 | F7: 112
A8: まとめ継続 | B8: 自社分 | C8: 3ヶ月会員（ライト・クレカ自動更新） | D8: 45931 | E8: 0 | F8: 135
A9: まとめ継続 | B9: 自社分 | C9: 6ヶ月会員（ライト・クレカ自動更新） | D9: 45931 | E9: 0 | F9: 157
A10: まとめ継続 | B10: 自社分 | C10: Apex年間会員（自動更新） | D10: 45931 | E10: 0 | F10: 179
A11: まとめ継続 | B11: 自社分 | C11: 銀振会員（更新要ｶｸﾆﾝ）3ヶ月 | D11: 45931 | E11: 0 | F11: 202
A12: まとめ継続 | B12: 自社分 | C12: 銀振会員（更新要ｶｸﾆﾝ）6ヶ月 | D12: 45931 | E12: 0 | F12: 224
A13: まとめ継続 | B13: 自社分 | C13: 銀振会員（更新要ｶｸﾆﾝ）Apex年間 | D13: 45931 | E13: 0 | F13: 246
... A269: まとめ継続 | B269: 自社分 | C269: 銀振会員（更新要ｶｸﾆﾝ）Apex年間 | D269: 46600 | E269: 12737 | F269: 268

Sheet keisan
A1: タイプ1 | B1: タイプ2 | C1: 商品名 | D1: 計上月 | E1: 合計金額 | F1: N
A2: まとめ継続 | B2: 全体売上 | C2: 3ヶ月会員（ライト・クレカ自動更新） | D2: 45931 | E2: 0 | F2: 1
A3: まとめ継続 | B3: 全体売上 | C3: 3ヶ月会員（ライト・クレカ自動更新） | D3: 45962 | E3: 297000 | F3: 2
A4: まとめ継続 | B4: 全体売上 | C4: 3ヶ月会員（ライト・クレカ自動更新） | D4: 45992 | E4: 336600 | F4: 3
A5: まとめ継続 | B5: 全体売上 | C5: 3ヶ月会員（ライト・クレカ自動更新） | D5: 46023 | E5: 1306800 | F5: 4
A6: まとめ継続 | B6: 全体売上 | C6: 3ヶ月会員（ライト・クレカ自動更新） | D6: 46054 | E6: 1049400 | F6: 5
A7: まとめ継続 | B7: 全体売上 | C7: 3ヶ月会員（ライト・クレカ自動更新） | D7: 46082 | E7: 1009800 | F7: 6
A8: まとめ継続 | B8: 全体売上 | C8: 3ヶ月会員（ライト・クレカ自動更新） | D8: 46113 | E8: 39600 | F8: 7
A9: まとめ継続 | B9: 全体売上 | C9: 3ヶ月会員（ライト・クレカ自動更新） | D9: 46143 | E9: 0 | F9: 8
A10: まとめ継続 | B10: 全体売上 | C10: 3ヶ月会員（ライト・クレカ自動更新） | D10: 46174 | E10: 0 | F10: 9
A11: まとめ継続 | B11: 全体売上 | C11: 3ヶ月会員（ライト・クレカ自動更新） | D11: 46204 | E11: 0 | F11: 10
A12: まとめ継続 | B12: 全体売上 | C12: 3ヶ月会員（ライト・クレカ自動更新） | D12: 46235 | E12: 0 | F12: 11
A13: まとめ継続 | B13: 全体売上 | C13: 3ヶ月会員（ライト・クレカ自動更新） | D13: 46266 | E13: 0 | F13: 12
... A269: まとめ継続 | B269: 自社分 | C269: 銀振会員（更新要ｶｸﾆﾝ）Apex年間 | D269: 46600 | E269: 12737 | F269: 268

Sheet Sheet11 (8月)
A1: タイプ1 | B1: タイプ2 | C1: 商品名 | D1: 計上月 | E1: 合計金額 | F1: N
A2: まとめ継続 | B2: 全体売上 | C2: 3ヶ月会員（ライト・クレカ自動更新） | D2: 45901 | E2: 0 | F2: 1
A3: まとめ継続 | B3: 全体売上 | C3: 6ヶ月会員（ライト・クレカ自動更新） | D3: 45901 | E3: 0 | F3: 24
A4: まとめ継続 | B4: 全体売上 | C4: Apex年間会員（自動更新） | D4: 45901 | E4: 0 | F4: 47
A5: まとめ継続 | B5: 全体売上 | C5: 銀振会員（更新要ｶｸﾆﾝ）3ヶ月 | D5: 45901 | E5: 0 | F5: 71
A6: まとめ継続 | B6: 全体売上 | C6: 銀振会員（更新要ｶｸﾆﾝ）6ヶ月 | D6: 45901 | E6: 0 | F6: 94
A7: まとめ継続 | B7: 全体売上 | C7: 銀振会員（更新要ｶｸﾆﾝ）Apex年間 | D7: 45901 | E7: 0 | F7: 117
A8: まとめ継続 | B8: 自社分 | C8: 3ヶ月会員（ライト・クレカ自動更新） | D8: 45901 | E8: 0 | F8: 141
A9: まとめ継続 | B9: 自社分 | C9: 6ヶ月会員（ライト・クレカ自動更新） | D9: 45901 | E9: 0 | F9: 164
A10: まとめ継続 | B10: 自社分 | C10: Apex年間会員（自動更新） | D10: 45901 | E10: 0 | F10: 187
A11: まとめ継続 | B11: 自社分 | C11: 銀振会員（更新要ｶｸﾆﾝ）3ヶ月 | D11: 45901 | E11: 0 | F11: 211
A12: まとめ継続 | B12: 自社分 | C12: 銀振会員（更新要ｶｸﾆﾝ）6ヶ月 | D12: 45901 | E12: 0 | F12: 234
A13: まとめ継続 | B13: 自社分 | C13: 銀振会員（更新要ｶｸﾆﾝ）Apex年間 | D13: 45901 | E13: 0 | F13: 257
... A281: まとめ継続 | B281: 自社分 | C281: 銀振会員（更新要ｶｸﾆﾝ）Apex年間 | D281: 46600 | E281: 12737.25 | F281: 280

Sheet Sheet11 (7月)
A1: タイプ1 | B1: タイプ2 | C1: 商品名 | D1: 計上月 | E1: 合計金額 | F1: N
A2: まとめ継続 | B2: 全体売上 | C2: 3ヶ月会員（ライト・クレカ自動更新） | D2: 45870 | E2: 0 | F2: 1
A3: まとめ継続 | B3: 全体売上 | C3: 3ヶ月会員（ライト・クレカ自動更新） | D3: 45901 | E3: 39600 | F3: 2
A4: まとめ継続 | B4: 全体売上 | C4: 3ヶ月会員（ライト・クレカ自動更新） | D4: 45931 | E4: 1148400 | F4: 3
A5: まとめ継続 | B5: 全体売上 | C5: 3ヶ月会員（ライト・クレカ自動更新） | D5: 45962 | E5: 1445400 | F5: 4
A6: まとめ継続 | B6: 全体売上 | C6: 3ヶ月会員（ライト・クレカ自動更新） | D6: 45992 | E6: 1405800 | F6: 5
A7: まとめ継続 | B7: 全体売上 | C7: 3ヶ月会員（ライト・クレカ自動更新） | D7: 46023 | E7: 297000 | F7: 6
A8: まとめ継続 | B8: 全体売上 | C8: 3ヶ月会員（ライト・クレカ自動更新） | D8: 46054 | E8: 0 | F8: 7
A9: まとめ継続 | B9: 全体売上 | C9: 3ヶ月会員（ライト・クレカ自動更新） | D9: 46082 | E9: 0 | F9: 8
A10: まとめ継続 | B10: 全体売上 | C10: 3ヶ月会員（ライト・クレカ自動更新） | D10: 46113 | E10: 0 | F10: 9
A11: まとめ継続 | B11: 全体売上 | C11: 3ヶ月会員（ライト・クレカ自動更新） | D11: 46143 | E11: 0 | F11: 10
A12: まとめ継続 | B12: 全体売上 | C12: 3ヶ月会員（ライト・クレカ自動更新） | D12: 46174 | E12: 0 | F12: 11
A13: まとめ継続 | B13: 全体売上 | C13: 3ヶ月会員（ライト・クレカ自動更新） | D13: 46204 | E13: 0 | F13: 12
... A289: まとめ継続 | B289: 自社分 | C289: 銀振会員（更新要ｶｸﾆﾝ）Apex年間 | D289: 46569 | E289: 0 | F289: 288

Sheet Sheet11 (6月)
A1: タイプ1 | B1: タイプ2 | C1: 商品名 | D1: 計上月 | E1: 合計金額 | F1: N | H1: 0.45
A2: まとめ継続 | B2: 全体売上 | C2: 3ヶ月会員（ライト・クレカ自動更新） | D2: 45839 | F2: 1
A3: まとめ継続 | B3: 全体売上 | C3: 3ヶ月会員（ライト・クレカ自動更新） | D3: 45870 | E3: 297000 | F3: 2
A4: まとめ継続 | B4: 全体売上 | C4: 3ヶ月会員（ライト・クレカ自動更新） | D4: 45901 | E4: 336600 | F4: 3
A5: まとめ継続 | B5: 全体売上 | C5: 3ヶ月会員（ライト・クレカ自動更新） | D5: 45931 | E5: 1445400 | F5: 4
A6: まとめ継続 | B6: 全体売上 | C6: 3ヶ月会員（ライト・クレカ自動更新） | D6: 45962 | E6: 1168200 | F6: 5
A7: まとめ継続 | B7: 全体売上 | C7: 3ヶ月会員（ライト・クレカ自動更新） | D7: 45992 | E7: 1128600 | F7: 6
A8: まとめ継続 | B8: 全体売上 | C8: 3ヶ月会員（ライト・クレカ自動更新） | D8: 46023 | E8: 19800 | F8: 7
A9: まとめ継続 | B9: 全体売上 | C9: 3ヶ月会員（ライト・クレカ自動更新） | D9: 46054 | F9: 8
A10: まとめ継続 | B10: 全体売上 | C10: 3ヶ月会員（ライト・クレカ自動更新） | D10: 46082 | F10: 9
A11: まとめ継続 | B11: 全体売上 | C11: 3ヶ月会員（ライト・クレカ自動更新） | D11: 46113 | F11: 10
A12: まとめ継続 | B12: 全体売上 | C12: 3ヶ月会員（ライト・クレカ自動更新） | D12: 46143 | F12: 11
A13: まとめ継続 | B13: 全体売上 | C13: 3ヶ月会員（ライト・クレカ自動更新） | D13: 46174 | F13: 12
A14: まとめ継続 | B14: 全体売上 | C14: 3ヶ月会員（ライト・クレカ自動更新） | D14: 46204 | F14: 13
A15: まとめ継続 | B15: 全体売上 | C15: 3ヶ月会員（ライト・クレカ自動更新） | D15: 46235 | F15: 14
A16: まとめ継続 | B16: 全体売上 | C16: 3ヶ月会員（ライト・クレカ自動更新） | D16: 46266 | F16: 15
A17: まとめ継続 | B17: 全体売上 | C17: 3ヶ月会員（ライト・クレカ自動更新） | D17: 46296 | F17: 16
A18: まとめ継続 | B18: 全体売上 | C18: 3ヶ月会員（ライト・クレカ自動更新） | D18: 46327 | F18: 17
A19: まとめ継続 | B19: 全体売上 | C19: 3ヶ月会員（ライト・クレカ自動更新） | D19: 46357 | F19: 18
A20: まとめ継続 | B20: 全体売上 | C20: 3ヶ月会員（ライト・クレカ自動更新） | D20: 46388 | F20: 19
... A27: まとめ継続 | B27: 全体売上 | C27: 6ヶ月会員（ライト・クレカ自動更新） | D27: 45839 | F27: 26
A28: まとめ継続 | B28: 全体売上 | C28: 6ヶ月会員（ライト・クレカ自動更新） | D28: 45870 | E28: 114300 | F28: 27
A29: まとめ継続 | B29: 全体売上 | C29: 6ヶ月会員（ライト・クレカ自動更新） | D29: 45901 | E29: 209550 | F29: 28
A30: まとめ継続 | B30: 全体売上 | C30: 6ヶ月会員（ライト・クレカ自動更新） | D30: 45931 | E30: 742950 | F30: 29
A31: まとめ継続 | B31: 全体売上 | C31: 6ヶ月会員（ライト・クレカ自動更新） | D31: 45962 | E31: 2705100 | F31: 30
A32: まとめ継続 | B32: 全体売上 | C32: 6ヶ月会員（ライト・クレカ自動更新） | D32: 45992 | E32: 2838450 | F32: 31
A33: まとめ継続 | B33: 全体売上 | C33: 6ヶ月会員（ライト・クレカ自動更新） | D33: 46023 | E33: 7867650 | F33: 32
A34: まとめ継続 | B34: 全体売上 | C34: 6ヶ月会員（ライト・クレカ自動更新） | D34: 46054 | E34: 7753350 | F34: 33
A35: まとめ継続 | B35: 全体売上 | C35: 6ヶ月会員（ライト・クレカ自動更新） | D35: 46082 | E35: 7658100 | F35: 34
A36: まとめ継続 | B36: 全体売上 | C36: 6ヶ月会員（ライト・クレカ自動更新） | D36: 46113 | E36: 7124700 | F36: 35
A37: まとめ継続 | B37: 全体売上 | C37: 6ヶ月会員（ライト・クレカ自動更新） | D37: 46143 | E37: 5162550 | F37: 36
A38: まとめ継続 | B38: 全体売上 | C38: 6ヶ月会員（ライト・クレカ自動更新） | D38: 46174 | E38: 5029200 | F38: 37
A39: まとめ継続 | B39: 全体売上 | C39: 6ヶ月会員（ライト・クレカ自動更新） | D39: 46204 | F39: 38
A40: まとめ継続 | B40: 全体売上 | C40: 6ヶ月会員（ライト・クレカ自動更新） | D40: 46235 | F40: 39
A41: まとめ継続 | B41: 全体売上 | C41: 6ヶ月会員（ライト・クレカ自動更新） | D41: 46266 | F41: 40
A42: まとめ継続 | B42: 全体売上 | C42: 6ヶ月会員（ライト・クレカ自動更新） | D42: 46296 | F42: 41
A43: まとめ継続 | B43: 全体売上 | C43: 6ヶ月会員（ライト・クレカ自動更新） | D43: 46327 | F43: 42
A44: まとめ継続 | B44: 全体売上 | C44: 6ヶ月会員（ライト・クレカ自動更新） | D44: 46357 | F44: 43
A45: まとめ継続 | B45: 全体売上 | C45: 6ヶ月会員（ライト・クレカ自動更新） | D45: 46388 | F45: 44
A46: まとめ継続 | B46: 全体売上 | C46: 6ヶ月会員（ライト・クレカ自動更新） | D46: 46419 | F46: 45
A47: まとめ継続 | B47: 全体売上 | C47: 6ヶ月会員（ライト・クレカ自動更新） | D47: 46447 | F47: 46
A48: まとめ継続 | B48: 全体売上 | C48: 6ヶ月会員（ライト・クレカ自動更新） | D48: 46478 | F48: 47
A49: まとめ継続 | B49: 全体売上 | C49: 6ヶ月会員（ライト・クレカ自動更新） | D49: 46508 | F49: 48
A50: まとめ継続 | B50: 全体売上 | C50: 6ヶ月会員（ライト・クレカ自動更新） | D50: 46539 | F50: 49
... A52: まとめ継続 | B52: 全体売上 | C52: Apex年間会員（自動更新） | D52: 45839 | F52: 51
A53: まとめ継続 | B53: 全体売上 | C53: Apex年間会員（自動更新） | D53: 45870 | E53: 9435 | F53: 52
A54: まとめ継続 | B54: 全体売上 | C54: Apex年間会員（自動更新） | D54: 45901 | E54: 160395 | F54: 53
A55: まとめ継続 | B55: 全体売上 | C55: Apex年間会員（自動更新） | D55: 45931 | E55: 160395 | F55: 54
A56: まとめ継続 | B56: 全体売上 | C56: Apex年間会員（自動更新） | D56: 45962 | E56: 160395 | F56: 55
A57: まとめ継続 | B57: 全体売上 | C57: Apex年間会員（自動更新） | D57: 45992 | E57: 160395 | F57: 56
A58: まとめ継続 | B58: 全体売上 | C58: Apex年間会員（自動更新） | D58: 46023 | E58: 169830 | F58: 57
A59: まとめ継続 | B59: 全体売上 | C59: Apex年間会員（自動更新） | D59: 46054 | E59: 169830 | F59: 58
A60: まとめ継続 | B60: 全体売上 | C60: Apex年間会員（自動更新） | D60: 46082 | E60: 264180 | F60: 59
A61: まとめ継続 | B61: 全体売上 | C61: Apex年間会員（自動更新） | D61: 46113 | E61: 264180 | F61: 60
A62: まとめ継続 | B62: 全体売上 | C62: Apex年間会員（自動更新） | D62: 46143 | E62: 320790 | F62: 61
A63: まとめ継続 | B63: 全体売上 | C63: Apex年間会員（自動更新） | D63: 46174 | E63: 386835 | F63: 62
A64: まとめ継続 | B64: 全体売上 | C64: Apex年間会員（自動更新） | D64: 46204 | E64: 405705 | F64: 63
... A75: まとめ継続 | B75: 全体売上 | C75: Apex年間会員（自動更新） | D75: 46539 | E75: 18870 | F75: 74
A76: まとめ継続 | B76: 全体売上 | C76: Apex年間会員（自動更新） | D76: 46569 | F76: 75
A77: まとめ継続 | B77: 全体売上 | C77: 銀振会員（更新要ｶｸﾆﾝ）3ヶ月 | D77: 45839 | F77: 76
A78: まとめ継続 | B78: 全体売上 | C78: 銀振会員（更新要ｶｸﾆﾝ）3ヶ月 | D78: 45870 | F78: 77
A79: まとめ継続 | B79: 全体売上 | C79: 銀振会員（更新要ｶｸﾆﾝ）3ヶ月 | D79: 45901 | F79: 78
A80: まとめ継続 | B80: 全体売上 | C80: 銀振会員（更新要ｶｸﾆﾝ）3ヶ月 | D80: 45931 | E80: 39600 | F80: 79
A81: まとめ継続 | B81: 全体売上 | C81: 銀振会員（更新要ｶｸﾆﾝ）3ヶ月 | D81: 45962 | E81: 39600 | F81: 80
A82: まとめ継続 | B82: 全体売上 | C82: 銀振会員（更新要ｶｸﾆﾝ）3ヶ月 | D82: 45992 | E82: 39600 | F82: 81
A83: まとめ継続 | B83: 全体売上 | C83: 銀振会員（更新要ｶｸﾆﾝ）3ヶ月 | D83: 46023 | F83: 82
A84: まとめ継続 | B84: 全体売上 | C84: 銀振会員（更新要ｶｸﾆﾝ）3ヶ月 | D84: 46054 | F84: 83
A85: まとめ継続 | B85: 全体売上 | C85: 銀振会員（更新要ｶｸﾆﾝ）3ヶ月 | D85: 46082 | F85: 84
A86: まとめ継続 | B86: 全体売上 | C86: 銀振会員（更新要ｶｸﾆﾝ）3ヶ月 | D86: 46113 | F86: 85
A87: まとめ継続 | B87: 全体売上 | C87: 銀振会員（更新要ｶｸﾆﾝ）3ヶ月 | D87: 46143 | F87: 86
A88: まとめ継続 | B88: 全体売上 | C88: 銀振会員（更新要ｶｸﾆﾝ）3ヶ月 | D88: 46174 | F88: 87
A89: まとめ継続 | B89: 全体売上 | C89: 銀振会員（更新要ｶｸﾆﾝ）3ヶ月 | D89: 46204 | F89: 88
A90: まとめ継続 | B90: 全体売上 | C90: 銀振会員（更新要ｶｸﾆﾝ）3ヶ月 | D90: 46235 | F90: 89
A91: まとめ継続 | B91: 全体売上 | C91: 銀振会員（更新要ｶｸﾆﾝ）3ヶ月 | D91: 46266 | F91: 90
A92: まとめ継続 | B92: 全体売上 | C92: 銀振会員（更新要ｶｸﾆﾝ）3ヶ月 | D92: 46296 | F92: 91
A93: まとめ継続 | B93: 全体売上 | C93: 銀振会員（更新要ｶｸﾆﾝ）3ヶ月 | D93: 46327 | F93: 92
A94: まとめ継続 | B94: 全体売上 | C94: 銀振会員（更新要ｶｸﾆﾝ）3ヶ月 | D94: 46357 | F94: 93
... A104: まとめ継続 | B104: 全体売上 | C104: 銀振会員（更新要ｶｸﾆﾝ）6ヶ月 | D104: 45901 | F104: 103
A105: まとめ継続 | B105: 全体売上 | C105: 銀振会員（更新要ｶｸﾆﾝ）6ヶ月 | D105: 45931 | E105: 19050 | F105: 104
A106: まとめ継続 | B106: 全体売上 | C106: 銀振会員（更新要ｶｸﾆﾝ）6ヶ月 | D106: 45962 | E106: 114300 | F106: 105
A107: まとめ継続 | B107: 全体売上 | C107: 銀振会員（更新要ｶｸﾆﾝ）6ヶ月 | D107: 45992 | E107: 114300 | F107: 106
A108: まとめ継続 | B108: 全体売上 | C108: 銀振会員（更新要ｶｸﾆﾝ）6ヶ月 | D108: 46023 | E108: 438150 | F108: 107
A109: まとめ継続 | B109: 全体売上 | C109: 銀振会員（更新要ｶｸﾆﾝ）6ヶ月 | D109: 46054 | E109: 438150 | F109: 108
A110: まとめ継続 | B110: 全体売上 | C110: 銀振会員（更新要ｶｸﾆﾝ）6ヶ月 | D110: 46082 | E110: 438150 | F110: 109
A111: まとめ継続 | B111: 全体売上 | C111: 銀振会員（更新要ｶｸﾆﾝ）6ヶ月 | D111: 46113 | E111: 419100 | F111: 110
A112: まとめ継続 | B112: 全体売上 | C112: 銀振会員（更新要ｶｸﾆﾝ）6ヶ月 | D112: 46143 | E112: 323850 | F112: 111
A113: まとめ継続 | B113: 全体売上 | C113: 銀振会員（更新要ｶｸﾆﾝ）6ヶ月 | D113: 46174 | E113: 323850 | F113: 112
A114: まとめ継続 | B114: 全体売上 | C114: 銀振会員（更新要ｶｸﾆﾝ）6ヶ月 | D114: 46204 | F114: 113
A115: まとめ継続 | B115: 全体売上 | C115: 銀振会員（更新要ｶｸﾆﾝ）6ヶ月 | D115: 46235 | F115: 114
A116: まとめ継続 | B116: 全体売上 | C116: 銀振会員（更新要ｶｸﾆﾝ）6ヶ月 | D116: 46266 | F116: 115
A117: まとめ継続 | B117: 全体売上 | C117: 銀振会員（更新要ｶｸﾆﾝ）6ヶ月 | D117: 46296 | F117: 116
A118: まとめ継続 | B118: 全体売上 | C118: 銀振会員（更新要ｶｸﾆﾝ）6ヶ月 | D118: 46327 | F118: 117
A119: まとめ継続 | B119: 全体売上 | C119: 銀振会員（更新要ｶｸﾆﾝ）6ヶ月 | D119: 46357 | F119: 118
A120: まとめ継続 | B120: 全体売上 | C120: 銀振会員（更新要ｶｸﾆﾝ）6ヶ月 | D120: 46388 | F120: 119
A121: まとめ継続 | B121: 全体売上 | C121: 銀振会員（更新要ｶｸﾆﾝ）6ヶ月 | D121: 46419 | F121: 120
A122: まとめ継続 | B122: 全体売上 | C122: 銀振会員（更新要ｶｸﾆﾝ）6ヶ月 | D122: 46447 | F122: 121
A123: まとめ継続 | B123: 全体売上 | C123: 銀振会員（更新要ｶｸﾆﾝ）6ヶ月 | D123: 46478 | F123: 122
A124: まとめ継続 | B124: 全体売上 | C124: 銀振会員（更新要ｶｸﾆﾝ）6ヶ月 | D124: 46508 | F124: 123
A125: まとめ継続 | B125: 全体売上 | C125: 銀振会員（更新要ｶｸﾆﾝ）6ヶ月 | D125: 46539 | F125: 124
... A128: まとめ継続 | B128: 全体売上 | C128: 銀振会員（更新要ｶｸﾆﾝ）Apex年間 | D128: 45870 | F128: 127
...

Sheet Sheet11 (5月)
A1: タイプ1 | B1: タイプ2 | C1: 商品名 | D1: 計上月 | E1: 合計金額 | F1: N | H1: 0.45
A2: まとめ継続 | B2: 全体売上 | C2: 3ヶ月会員（ライト・クレカ自動更新） | D2: 45809 | F2: 1
A3: まとめ継続 | B3: 全体売上 | C3: 3ヶ月会員（ライト・クレカ自動更新） | D3: 45839 | E3: 1108800 | F3: 2
A4: まとめ継続 | B4: 全体売上 | C4: 3ヶ月会員（ライト・クレカ自動更新） | D4: 45870 | E4: 1405800 | F4: 3
A5: まとめ継続 | B5: 全体売上 | C5: 3ヶ月会員（ライト・クレカ自動更新） | D5: 45901 | E5: 1445400 | F5: 4
A6: まとめ継続 | B6: 全体売上 | C6: 3ヶ月会員（ライト・クレカ自動更新） | D6: 45931 | E6: 356400 | F6: 5
A7: まとめ継続 | B7: 全体売上 | C7: 3ヶ月会員（ライト・クレカ自動更新） | D7: 45962 | E7: 59400 | F7: 6
A8: まとめ継続 | B8: 全体売上 | C8: 3ヶ月会員（ライト・クレカ自動更新） | D8: 45992 | E8: 19800 | F8: 7
A9: まとめ継続 | B9: 全体売上 | C9: 3ヶ月会員（ライト・クレカ自動更新） | D9: 46023 | F9: 8
A10: まとめ継続 | B10: 全体売上 | C10: 3ヶ月会員（ライト・クレカ自動更新） | D10: 46054 | F10: 9
A11: まとめ継続 | B11: 全体売上 | C11: 3ヶ月会員（ライト・クレカ自動更新） | D11: 46082 | F11: 10
A12: まとめ継続 | B12: 全体売上 | C12: 3ヶ月会員（ライト・クレカ自動更新） | D12: 46113 | F12: 11
A13: まとめ継続 | B13: 全体売上 | C13: 3ヶ月会員（ライト・クレカ自動更新） | D13: 46143 | F13: 12
A14: まとめ継続 | B14: 全体売上 | C14: 3ヶ月会員（ライト・クレカ自動更新） | D14: 46174 | F14: 13
A15: まとめ継続 | B15: 全体売上 | C15: 3ヶ月会員（ライト・クレカ自動更新） | D15: 46204 | F15: 14
A16: まとめ継続 | B16: 全体売上 | C16: 3ヶ月会員（ライト・クレカ自動更新） | D16: 46235 | F16: 15
A17: まとめ継続 | B17: 全体売上 | C17: 3ヶ月会員（ライト・クレカ自動更新） | D17: 46266 | F17: 16
A18: まとめ継続 | B18: 全体売上 | C18: 3ヶ月会員（ライト・クレカ自動更新） | D18: 46296 | F18: 17
A19: まとめ継続 | B19: 全体売上 | C19: 3ヶ月会員（ライト・クレカ自動更新） | D19: 46327 | F19: 18
A20: まとめ継続 | B20: 全体売上 | C20: 3ヶ月会員（ライト・クレカ自動更新） | D20: 46357 | F20: 19
... A26: まとめ継続 | B26: 全体売上 | C26: 6ヶ月会員（ライト・クレカ自動更新） | D26: 45809 | F26: 25
A27: まとめ継続 | B27: 全体売上 | C27: 6ヶ月会員（ライト・クレカ自動更新） | D27: 45839 | E27: 5657850 | F27: 26
A28: まとめ継続 | B28: 全体売上 | C28: 6ヶ月会員（ライト・クレカ自動更新） | D28: 45870 | E28: 5772150 | F28: 27
A29: まとめ継続 | B29: 全体売上 | C29: 6ヶ月会員（ライト・クレカ自動更新） | D29: 45901 | E29: 5867400 | F29: 28
A30: まとめ継続 | B30: 全体売上 | C30: 6ヶ月会員（ライト・クレカ自動更新） | D30: 45931 | E30: 6400800 | F30: 29
A31: まとめ継続 | B31: 全体売上 | C31: 6ヶ月会員（ライト・クレカ自動更新） | D31: 45962 | E31: 8362950 | F31: 30
A32: まとめ継続 | B32: 全体売上 | C32: 6ヶ月会員（ライト・クレカ自動更新） | D32: 45992 | E32: 8496300 | F32: 31
A33: まとめ継続 | B33: 全体売上 | C33: 6ヶ月会員（ライト・クレカ自動更新） | D33: 46023 | E33: 2876550 | F33: 32
A34: まとめ継続 | B34: 全体売上 | C34: 6ヶ月会員（ライト・クレカ自動更新） | D34: 46054 | E34: 2762250 | F34: 33
A35: まとめ継続 | B35: 全体売上 | C35: 6ヶ月会員（ライト・クレカ自動更新） | D35: 46082 | E35: 2667000 | F35: 34
A36: まとめ継続 | B36: 全体売上 | C36: 6ヶ月会員（ライト・クレカ自動更新） | D36: 46113 | E36: 2133600 | F36: 35
A37: まとめ継続 | B37: 全体売上 | C37: 6ヶ月会員（ライト・クレカ自動更新） | D37: 46143 | E37: 171450 | F37: 36
A38: まとめ継続 | B38: 全体売上 | C38: 6ヶ月会員（ライト・クレカ自動更新） | D38: 46174 | E38: 38100 | F38: 37
A39: まとめ継続 | B39: 全体売上 | C39: 6ヶ月会員（ライト・クレカ自動更新） | D39: 46204 | F39: 38
A40: まとめ継続 | B40: 全体売上 | C40: 6ヶ月会員（ライト・クレカ自動更新） | D40: 46235 | F40: 39
A41: まとめ継続 | B41: 全体売上 | C41: 6ヶ月会員（ライト・クレカ自動更新） | D41: 46266 | F41: 40
A42: まとめ継続 | B42: 全体売上 | C42: 6ヶ月会員（ライト・クレカ自動更新） | D42: 46296 | F42: 41
A43: まとめ継続 | B43: 全体売上 | C43: 6ヶ月会員（ライト・クレカ自動更新） | D43: 46327 | F43: 42
A44: まとめ継続 | B44: 全体売上 | C44: 6ヶ月会員（ライト・クレカ自動更新） | D44: 46357 | F44: 43
A45: まとめ継続 | B45: 全体売上 | C45: 6ヶ月会員（ライト・クレカ自動更新） | D45: 46388 | F45: 44
A46: まとめ継続 | B46: 全体売上 | C46: 6ヶ月会員（ライト・クレカ自動更新） | D46: 46419 | F46: 45
A47: まとめ継続 | B47: 全体売上 | C47: 6ヶ月会員（ライト・クレカ自動更新） | D47: 46447 | F47: 46
A48: まとめ継続 | B48: 全体売上 | C48: 6ヶ月会員（ライト・クレカ自動更新） | D48: 46478 | F48: 47
A49: まとめ継続 | B49: 全体売上 | C49: 6ヶ月会員（ライト・クレカ自動更新） | D49: 46508 | F49: 48
A50: まとめ継続 | B50: 全体売上 | C50: Apex年間会員（自動更新） | D50: 45809 | F50: 49
A51: まとめ継続 | B51: 全体売上 | C51: Apex年間会員（自動更新） | D51: 45839 | F51: 50
A52: まとめ継続 | B52: 全体売上 | C52: Apex年間会員（自動更新） | D52: 45870 | E52: 9435 | F52: 51
A53: まとめ継続 | B53: 全体売上 | C53: Apex年間会員（自動更新） | D53: 45901 | E53: 160395 | F53: 52
A54: まとめ継続 | B54: 全体売上 | C54: Apex年間会員（自動更新） | D54: 45931 | E54: 160395 | F54: 53
A55: まとめ継続 | B55: 全体売上 | C55: Apex年間会員（自動更新） | D55: 45962 | E55: 160395 | F55: 54
A56: まとめ継続 | B56: 全体売上 | C56: Apex年間会員（自動更新） | D56: 45992 | E56: 160395 | F56: 55
A57: まとめ継続 | B57: 全体売上 | C57: Apex年間会員（自動更新） | D57: 46023 | E57: 169830 | F57: 56
A58: まとめ継続 | B58: 全体売上 | C58: Apex年間会員（自動更新） | D58: 46054 | E58: 169830 | F58: 57
A59: まとめ継続 | B59: 全体売上 | C59: Apex年間会員（自動更新） | D59: 46082 | E59: 264180 | F59: 58
A60: まとめ継続 | B60: 全体売上 | C60: Apex年間会員（自動更新） | D60: 46113 | E60: 264180 | F60: 59
A61: まとめ継続 | B61: 全体売上 | C61: Apex年間会員（自動更新） | D61: 46143 | E61: 320790 | F61: 60
A62: まとめ継続 | B62: 全体売上 | C62: Apex年間会員（自動更新） | D62: 46174 | E62: 386835 | F62: 61
A63: まとめ継続 | B63: 全体売上 | C63: Apex年間会員（自動更新） | D63: 46204 | E63: 386835 | F63: 62
... A73: まとめ継続 | B73: 全体売上 | C73: Apex年間会員（自動更新） | D73: 46508 | E73: 66045 | F73: 72
A74: まとめ継続 | B74: 全体売上 | C74: 銀振会員（更新要ｶｸﾆﾝ）3ヶ月 | D74: 45809 | F74: 73
A75: まとめ継続 | B75: 全体売上 | C75: 銀振会員（更新要ｶｸﾆﾝ）3ヶ月 | D75: 45839 | E75: 39600 | F75: 74
A76: まとめ継続 | B76: 全体売上 | C76: 銀振会員（更新要ｶｸﾆﾝ）3ヶ月 | D76: 45870 | E76: 39600 | F76: 75
A77: まとめ継続 | B77: 全体売上 | C77: 銀振会員（更新要ｶｸﾆﾝ）3ヶ月 | D77: 45901 | E77: 39600 | F77: 76
A78: まとめ継続 | B78: 全体売上 | C78: 銀振会員（更新要ｶｸﾆﾝ）3ヶ月 | D78: 45931 | E78: 19800 | F78: 77
A79: まとめ継続 | B79: 全体売上 | C79: 銀振会員（更新要ｶｸﾆﾝ）3ヶ月 | D79: 45962 | E79: 19800 | F79: 78
A80: まとめ継続 | B80: 全体売上 | C80: 銀振会員（更新要ｶｸﾆﾝ）3ヶ月 | D80: 45992 | E80: 19800 | F80: 79
A81: まとめ継続 | B81: 全体売上 | C81: 銀振会員（更新要ｶｸﾆﾝ）3ヶ月 | D81: 46023 | F81: 80
A82: まとめ継続 | B82: 全体売上 | C82: 銀振会員（更新要ｶｸﾆﾝ）3ヶ月 | D82: 46054 | F82: 81
A83: まとめ継続 | B83: 全体売上 | C83: 銀振会員（更新要ｶｸﾆﾝ）3ヶ月 | D83: 46082 | F83: 82
A84: まとめ継続 | B84: 全体売上 | C84: 銀振会員（更新要ｶｸﾆﾝ）3ヶ月 | D84: 46113 | F84: 83
A85: まとめ継続 | B85: 全体売上 | C85: 銀振会員（更新要ｶｸﾆﾝ）3ヶ月 | D85: 46143 | F85: 84
A86: まとめ継続 | B86: 全体売上 | C86: 銀振会員（更新要ｶｸﾆﾝ）3ヶ月 | D86: 46174 | F86: 85
A87: まとめ継続 | B87: 全体売上 | C87: 銀振会員（更新要ｶｸﾆﾝ）3ヶ月 | D87: 46204 | F87: 86
A88: まとめ継続 | B88: 全体売上 | C88: 銀振会員（更新要ｶｸﾆﾝ）3ヶ月 | D88: 46235 | F88: 87
A89: まとめ継続 | B89: 全体売上 | C89: 銀振会員（更新要ｶｸﾆﾝ）3ヶ月 | D89: 46266 | F89: 88
A90: まとめ継続 | B90: 全体売上 | C90: 銀振会員（更新要ｶｸﾆﾝ）3ヶ月 | D90: 46296 | F90: 89
A91: まとめ継続 | B91: 全体売上 | C91: 銀振会員（更新要ｶｸﾆﾝ）3ヶ月 | D91: 46327 | F91: 90
A92: まとめ継続 | B92: 全体売上 | C92: 銀振会員（更新要ｶｸﾆﾝ）3ヶ月 | D92: 46357 | F92: 91
... A98: まとめ継続 | B98: 全体売上 | C98: 銀振会員（更新要ｶｸﾆﾝ）6ヶ月 | D98: 45809 | F98: 97
A99: まとめ継続 | B99: 全体売上 | C99: 銀振会員（更新要ｶｸﾆﾝ）6ヶ月 | D99: 45839 | E99: 304800 | F99: 98
A100: まとめ継続 | B100: 全体売上 | C100: 銀振会員（更新要ｶｸﾆﾝ）6ヶ月 | D100: 45870 | E100: 304800 | F100: 99
A101: まとめ継続 | B101: 全体売上 | C101: 銀振会員（更新要ｶｸﾆﾝ）6ヶ月 | D101: 45901 | E101: 304800 | F101: 100
A102: まとめ継続 | B102: 全体売上 | C102: 銀振会員（更新要ｶｸﾆﾝ）6ヶ月 | D102: 45931 | E102: 323850 | F102: 101
A103: まとめ継続 | B103: 全体売上 | C103: 銀振会員（更新要ｶｸﾆﾝ）6ヶ月 | D103: 45962 | E103: 419100 | F103: 102
A104: まとめ継続 | B104: 全体売上 | C104: 銀振会員（更新要ｶｸﾆﾝ）6ヶ月 | D104: 45992 | E104: 419100 | F104: 103
A105: まとめ継続 | B105: 全体売上 | C105: 銀振会員（更新要ｶｸﾆﾝ）6ヶ月 | D105: 46023 | E105: 190500 | F105: 104
A106: まとめ継続 | B106: 全体売上 | C106: 銀振会員（更新要ｶｸﾆﾝ）6ヶ月 | D106: 46054 | E106: 190500 | F106: 105
A107: まとめ継続 | B107: 全体売上 | C107: 銀振会員（更新要ｶｸﾆﾝ）6ヶ月 | D107: 46082 | E107: 190500 | F107: 106
A108: まとめ継続 | B108: 全体売上 | C108: 銀振会員（更新要ｶｸﾆﾝ）6ヶ月 | D108: 46113 | E108: 171450 | F108: 107
A109: まとめ継続 | B109: 全体売上 | C109: 銀振会員（更新要ｶｸﾆﾝ）6ヶ月 | D109: 46143 | E109: 76200 | F109: 108
A110: まとめ継続 | B110: 全体売上 | C110: 銀振会員（更新要ｶｸﾆﾝ）6ヶ月 | D110: 46174 | E110: 76200 | F110: 109
A111: まとめ継続 | B111: 全体売上 | C111: 銀振会員（更新要ｶｸﾆﾝ）6ヶ月 | D111: 46204 | F111: 110
A112: まとめ継続 | B112: 全体売上 | C112: 銀振会員（更新要ｶｸﾆﾝ）6ヶ月 | D112: 46235 | F112: 111
A113: まとめ継続 | B113: 全体売上 | C113: 銀振会員（更新要ｶｸﾆﾝ）6ヶ月 | D113: 46266 | F113: 112
A114: まとめ継続 | B114: 全体売上 | C114: 銀振会員（更新要ｶｸﾆﾝ）6ヶ月 | D114: 46296 | F114: 113
A115: まとめ継続 | B115: 全体売上 | C115: 銀振会員（更新要ｶｸﾆﾝ）6ヶ月 | D115: 46327 | F115: 114
A116: まとめ継続 | B116: 全体売上 | C116: 銀振会員（更新要ｶｸﾆﾝ）6ヶ月 | D116: 46357 | F116: 115
A117: まとめ継続 | B117: 全体売上 | C117: 銀振会員（更新要ｶｸﾆﾝ）6ヶ月 | D117: 46388 | F117: 116
A118: まとめ継続 | B118: 全体売上 | C118: 銀振会員（更新要ｶｸﾆﾝ）6ヶ月 | D118: 46419 | F118: 117
A119: まとめ継続 | B119: 全体売上 | C119: 銀振会員（更新要ｶｸﾆﾝ）6ヶ月 | D119: 46447 | F119: 118
...

Sheet Sheet11 (4月)
A1: タイプ1 | B1: タイプ2 | C1: 商品名 | D1: 計上月 | E1: 合計金額 | F1: N
A2: まとめ継続 | B2: 全体売上 | C2: 3ヶ月会員（ライト・クレカ自動更新） | D2: 45778 | F2: 1
A3: まとめ継続 | B3: 全体売上 | C3: 3ヶ月会員（ライト・クレカ自動更新） | D3: 45809 | E3: 39600 | F3: 2
A4: まとめ継続 | B4: 全体売上 | C4: 3ヶ月会員（ライト・クレカ自動更新） | D4: 45839 | E4: 1207800 | F4: 3
A5: まとめ継続 | B5: 全体売上 | C5: 3ヶ月会員（ライト・クレカ自動更新） | D5: 45870 | E5: 1485000 | F5: 4
A6: まとめ継続 | B6: 全体売上 | C6: 3ヶ月会員（ライト・クレカ自動更新） | D6: 45901 | E6: 1445400 | F6: 5
A7: まとめ継続 | B7: 全体売上 | C7: 3ヶ月会員（ライト・クレカ自動更新） | D7: 45931 | E7: 277200 | F7: 6
A8: まとめ継続 | B8: 全体売上 | C8: 3ヶ月会員（ライト・クレカ自動更新） | D8: 45962 | F8: 7
A9: まとめ継続 | B9: 全体売上 | C9: 3ヶ月会員（ライト・クレカ自動更新） | D9: 45992 | F9: 8
A10: まとめ継続 | B10: 全体売上 | C10: 3ヶ月会員（ライト・クレカ自動更新） | D10: 46023 | F10: 9
A11: まとめ継続 | B11: 全体売上 | C11: 3ヶ月会員（ライト・クレカ自動更新） | D11: 46054 | F11: 10
A12: まとめ継続 | B12: 全体売上 | C12: 3ヶ月会員（ライト・クレカ自動更新） | D12: 46082 | F12: 11
A13: まとめ継続 | B13: 全体売上 | C13: 3ヶ月会員（ライト・クレカ自動更新） | D13: 46113 | F13: 12
A14: まとめ継続 | B14: 全体売上 | C14: 3ヶ月会員（ライト・クレカ自動更新） | D14: 46143 | F14: 13
A15: まとめ継続 | B15: 全体売上 | C15: 3ヶ月会員（ライト・クレカ自動更新） | D15: 46174 | F15: 14
A16: まとめ継続 | B16: 全体売上 | C16: 3ヶ月会員（ライト・クレカ自動更新） | D16: 46204 | F16: 15
A17: まとめ継続 | B17: 全体売上 | C17: 3ヶ月会員（ライト・クレカ自動更新） | D17: 46235 | F17: 16
A18: まとめ継続 | B18: 全体売上 | C18: 3ヶ月会員（ライト・クレカ自動更新） | D18: 46266 | F18: 17
A19: まとめ継続 | B19: 全体売上 | C19: 3ヶ月会員（ライト・クレカ自動更新） | D19: 46296 | F19: 18
... A25: まとめ継続 | B25: 全体売上 | C25: 6ヶ月会員（ライト・クレカ自動更新） | D25: 45778 | F25: 24
A26: まとめ継続 | B26: 全体売上 | C26: 6ヶ月会員（ライト・クレカ自動更新） | D26: 45809 | E26: 171450 | F26: 25
A27: まとめ継続 | B27: 全体売上 | C27: 6ヶ月会員（ライト・クレカ自動更新） | D27: 45839 | E27: 6248400 | F27: 26
A28: まとめ継続 | B28: 全体売上 | C28: 6ヶ月会員（ライト・クレカ自動更新） | D28: 45870 | E28: 6362700 | F28: 27
A29: まとめ継続 | B29: 全体売上 | C29: 6ヶ月会員（ライト・クレカ自動更新） | D29: 45901 | E29: 6457950 | F29: 28
A30: まとめ継続 | B30: 全体売上 | C30: 6ヶ月会員（ライト・クレカ自動更新） | D30: 45931 | E30: 6991350 | F30: 29
A31: まとめ継続 | B31: 全体売上 | C31: 6ヶ月会員（ライト・クレカ自動更新） | D31: 45962 | E31: 8953500 | F31: 30
A32: まとめ継続 | B32: 全体売上 | C32: 6ヶ月会員（ライト・クレカ自動更新） | D32: 45992 | E32: 8801100 | F32: 31
A33: まとめ継続 | B33: 全体売上 | C33: 6ヶ月会員（ライト・クレカ自動更新） | D33: 46023 | E33: 2724150 | F33: 32
A34: まとめ継続 | B34: 全体売上 | C34: 6ヶ月会員（ライト・クレカ自動更新） | D34: 46054 | E34: 2609850 | F34: 33
A35: まとめ継続 | B35: 全体売上 | C35: 6ヶ月会員（ライト・クレカ自動更新） | D35: 46082 | E35: 2514600 | F35: 34
A36: まとめ継続 | B36: 全体売上 | C36: 6ヶ月会員（ライト・クレカ自動更新） | D36: 46113 | E36: 1981200 | F36: 35
A37: まとめ継続 | B37: 全体売上 | C37: 6ヶ月会員（ライト・クレカ自動更新） | D37: 46143 | E37: 19050 | F37: 36
A38: まとめ継続 | B38: 全体売上 | C38: 6ヶ月会員（ライト・クレカ自動更新） | D38: 46174 | F38: 37
A39: まとめ継続 | B39: 全体売上 | C39: 6ヶ月会員（ライト・クレカ自動更新） | D39: 46204 | F39: 38
A40: まとめ継続 | B40: 全体売上 | C40: 6ヶ月会員（ライト・クレカ自動更新） | D40: 46235 | F40: 39
A41: まとめ継続 | B41: 全体売上 | C41: 6ヶ月会員（ライト・クレカ自動更新） | D41: 46266 | F41: 40
A42: まとめ継続 | B42: 全体売上 | C42: 6ヶ月会員（ライト・クレカ自動更新） | D42: 46296 | F42: 41
A43: まとめ継続 | B43: 全体売上 | C43: 6ヶ月会員（ライト・クレカ自動更新） | D43: 46327 | F43: 42
A44: まとめ継続 | B44: 全体売上 | C44: 6ヶ月会員（ライト・クレカ自動更新） | D44: 46357 | F44: 43
A45: まとめ継続 | B45: 全体売上 | C45: 6ヶ月会員（ライト・クレカ自動更新） | D45: 46388 | F45: 44
A46: まとめ継続 | B46: 全体売上 | C46: 6ヶ月会員（ライト・クレカ自動更新） | D46: 46419 | F46: 45
A47: まとめ継続 | B47: 全体売上 | C47: 6ヶ月会員（ライト・クレカ自動更新） | D47: 46447 | F47: 46
A48: まとめ継続 | B48: 全体売上 | C48: Apex年間会員（自動更新） | D48: 45778 | F48: 47
A49: まとめ継続 | B49: 全体売上 | C49: Apex年間会員（自動更新） | D49: 45809 | E49: 28305 | F49: 48
A50: まとめ継続 | B50: 全体売上 | C50: Apex年間会員（自動更新） | D50: 45839 | E50: 28305 | F50: 49
A51: まとめ継続 | B51: 全体売上 | C51: Apex年間会員（自動更新） | D51: 45870 | E51: 37740 | F51: 50
A52: まとめ継続 | B52: 全体売上 | C52: Apex年間会員（自動更新） | D52: 45901 | E52: 188700 | F52: 51
A53: まとめ継続 | B53: 全体売上 | C53: Apex年間会員（自動更新） | D53: 45931 | E53: 188700 | F53: 52
A54: まとめ継続 | B54: 全体売上 | C54: Apex年間会員（自動更新） | D54: 45962 | E54: 188700 | F54: 53
A55: まとめ継続 | B55: 全体売上 | C55: Apex年間会員（自動更新） | D55: 45992 | E55: 188700 | F55: 54
A56: まとめ継続 | B56: 全体売上 | C56: Apex年間会員（自動更新） | D56: 46023 | E56: 198135 | F56: 55
A57: まとめ継続 | B57: 全体売上 | C57: Apex年間会員（自動更新） | D57: 46054 | E57: 198135 | F57: 56
A58: まとめ継続 | B58: 全体売上 | C58: Apex年間会員（自動更新） | D58: 46082 | E58: 292485 | F58: 57
A59: まとめ継続 | B59: 全体売上 | C59: Apex年間会員（自動更新） | D59: 46113 | E59: 292485 | F59: 58
A60: まとめ継続 | B60: 全体売上 | C60: Apex年間会員（自動更新） | D60: 46143 | E60: 292485 | F60: 59
... A69: まとめ継続 | B69: 全体売上 | C69: Apex年間会員（自動更新） | D69: 46419 | E69: 94350 | F69: 68
A70: まとめ継続 | B70: 全体売上 | C70: Apex年間会員（自動更新） | D70: 46447 | F70: 69
A71: まとめ継続 | B71: 全体売上 | C71: 銀振会員（更新要ｶｸﾆﾝ）3ヶ月 | D71: 45778 | F71: 70
A72: まとめ継続 | B72: 全体売上 | C72: 銀振会員（更新要ｶｸﾆﾝ）3ヶ月 | D72: 45809 | F72: 71
A73: まとめ継続 | B73: 全体売上 | C73: 銀振会員（更新要ｶｸﾆﾝ）3ヶ月 | D73: 45839 | E73: 59400 | F73: 72
A74: まとめ継続 | B74: 全体売上 | C74: 銀振会員（更新要ｶｸﾆﾝ）3ヶ月 | D74: 45870 | E74: 59400 | F74: 73
A75: まとめ継続 | B75: 全体売上 | C75: 銀振会員（更新要ｶｸﾆﾝ）3ヶ月 | D75: 45901 | E75: 59400 | F75: 74
A76: まとめ継続 | B76: 全体売上 | C76: 銀振会員（更新要ｶｸﾆﾝ）3ヶ月 | D76: 45931 | F76: 75
A77: まとめ継続 | B77: 全体売上 | C77: 銀振会員（更新要ｶｸﾆﾝ）3ヶ月 | D77: 45962 | F77: 76
A78: まとめ継続 | B78: 全体売上 | C78: 銀振会員（更新要ｶｸﾆﾝ）3ヶ月 | D78: 45992 | F78: 77
A79: まとめ継続 | B79: 全体売上 | C79: 銀振会員（更新要ｶｸﾆﾝ）3ヶ月 | D79: 46023 | F79: 78
A80: まとめ継続 | B80: 全体売上 | C80: 銀振会員（更新要ｶｸﾆﾝ）3ヶ月 | D80: 46054 | F80: 79
A81: まとめ継続 | B81: 全体売上 | C81: 銀振会員（更新要ｶｸﾆﾝ）3ヶ月 | D81: 46082 | F81: 80
A82: まとめ継続 | B82: 全体売上 | C82: 銀振会員（更新要ｶｸﾆﾝ）3ヶ月 | D82: 46113 | F82: 81
A83: まとめ継続 | B83: 全体売上 | C83: 銀振会員（更新要ｶｸﾆﾝ）3ヶ月 | D83: 46143 | F83: 82
A84: まとめ継続 | B84: 全体売上 | C84: 銀振会員（更新要ｶｸﾆﾝ）3ヶ月 | D84: 46174 | F84: 83
A85: まとめ継続 | B85: 全体売上 | C85: 銀振会員（更新要ｶｸﾆﾝ）3ヶ月 | D85: 46204 | F85: 84
A86: まとめ継続 | B86: 全体売上 | C86: 銀振会員（更新要ｶｸﾆﾝ）3ヶ月 | D86: 46235 | F86: 85
A87: まとめ継続 | B87: 全体売上 | C87: 銀振会員（更新要ｶｸﾆﾝ）3ヶ月 | D87: 46266 | F87: 86
... A95: まとめ継続 | B95: 全体売上 | C95: 銀振会員（更新要ｶｸﾆﾝ）6ヶ月 | D95: 45809 | F95: 94
A96: まとめ継続 | B96: 全体売上 | C96: 銀振会員（更新要ｶｸﾆﾝ）6ヶ月 | D96: 45839 | E96: 419100 | F96: 95
A97: まとめ継続 | B97: 全体売上 | C97: 銀振会員（更新要ｶｸﾆﾝ）6ヶ月 | D97: 45870 | E97: 419100 | F97: 96
A98: まとめ継続 | B98: 全体売上 | C98: 銀振会員（更新要ｶｸﾆﾝ）6ヶ月 | D98: 45901 | E98: 419100 | F98: 97
A99: まとめ継続 | B99: 全体売上 | C99: 銀振会員（更新要ｶｸﾆﾝ）6ヶ月 | D99: 45931 | E99: 438150 | F99: 98
A100: まとめ継続 | B100: 全体売上 | C100: 銀振会員（更新要ｶｸﾆﾝ）6ヶ月 | D100: 45962 | E100: 533400 | F100: 99
A101: まとめ継続 | B101: 全体売上 | C101: 銀振会員（更新要ｶｸﾆﾝ）6ヶ月 | D101: 45992 | E101: 533400 | F101: 100
A102: まとめ継続 | B102: 全体売上 | C102: 銀振会員（更新要ｶｸﾆﾝ）6ヶ月 | D102: 46023 | E102: 114300 | F102: 101
A103: まとめ継続 | B103: 全体売上 | C103: 銀振会員（更新要ｶｸﾆﾝ）6ヶ月 | D103: 46054 | E103: 114300 | F103: 102
A104: まとめ継続 | B104: 全体売上 | C104: 銀振会員（更新要ｶｸﾆﾝ）6ヶ月 | D104: 46082 | E104: 114300 | F104: 103
A105: まとめ継続 | B105: 全体売上 | C105: 銀振会員（更新要ｶｸﾆﾝ）6ヶ月 | D105: 46113 | E105: 95250 | F105: 104
A106: まとめ継続 | B106: 全体売上 | C106: 銀振会員（更新要ｶｸﾆﾝ）6ヶ月 | D106: 46143 | F106: 105
A107: まとめ継続 | B107: 全体売上 | C107: 銀振会員（更新要ｶｸﾆﾝ）6ヶ月 | D107: 46174 | F107: 106
A108: まとめ継続 | B108: 全体売上 | C108: 銀振会員（更新要ｶｸﾆﾝ）6ヶ月 | D108: 46204 | F108: 107
A109: まとめ継続 | B109: 全体売上 | C109: 銀振会員（更新要ｶｸﾆﾝ）6ヶ月 | D109: 46235 | F109: 108
A110: まとめ継続 | B110: 全体売上 | C110: 銀振会員（更新要ｶｸﾆﾝ）6ヶ月 | D110: 46266 | F110: 109
A111: まとめ継続 | B111: 全体売上 | C111: 銀振会員（更新要ｶｸﾆﾝ）6ヶ月 | D111: 46296 | F111: 110
A112: まとめ継続 | B112: 全体売上 | C112: 銀振会員（更新要ｶｸﾆﾝ）6ヶ月 | D112: 46327 | F112: 111
A113: まとめ継続 | B113: 全体売上 | C113: 銀振会員（更新要ｶｸﾆﾝ）6ヶ月 | D113: 46357 | F113: 112
A114: まとめ継続 | B114: 全体売上 | C114: 銀振会員（更新要ｶｸﾆﾝ）6ヶ月 | D114: 46388 | F114: 113
A115: まとめ継続 | B115: 全体売上 | C115: 銀振会員（更新要ｶｸﾆﾝ）6ヶ月 | D115: 46419 | F115: 114
A116: まとめ継続 | B116: 全体売上 | C116: 銀振会員（更新要ｶｸﾆﾝ）6ヶ月 | D116: 46447 | F116: 115
A117: まとめ継続 | B117: 全体売上 | C117: 銀振会員（更新要ｶｸﾆﾝ）Apex年間 | D117: 45778 | F117: 116
... A120: まとめ継続 | B120: 全体売上 | C120: 銀振会員（更新要ｶｸﾆﾝ）Apex年間 | D120: 45870 | F120: 119
A121: まとめ継続 | B121: 全体売上 | C121: 銀振会員（更新要ｶｸﾆﾝ）Apex年間 | D121: 45901 | E121: 28305 | F121: 120
A122: まとめ継続 | B122: 全体売上 | C122: 銀振会員（更新要ｶｸﾆﾝ）Apex年間 | D122: 45931 | E122: 28305 | F122: 121
...

Sheet Sheet11(3月)
A1: タイプ1 | B1: タイプ2 | C1: 商品名 | D1: 計上月 | E1: 合計金額 | F1: N
A2: まとめ継続 | B2: 全体売上 | C2: 3ヶ月会員（ライト・クレカ自動更新） | D2: 45778 | E2: 415800 | F2: 1
A3: まとめ継続 | B3: 全体売上 | C3: 6ヶ月会員（ライト・クレカ自動更新） | D3: 45778 | E3: 2381250 | F3: 2
A4: まとめ継続 | B4: 全体売上 | C4: Apex年間会員（自動更新） | D4: 45778 | E4: 56610 | F4: 3
A5: まとめ継続 | B5: 全体売上 | C5: 銀振会員（更新要ｶｸﾆﾝ）3ヶ月 | D5: 45778 | E5: 0 | F5: 4
A6: まとめ継続 | B6: 全体売上 | C6: 銀振会員（更新要ｶｸﾆﾝ）6ヶ月 | D6: 45778 | E6: 76200 | F6: 5
A7: まとめ継続 | B7: 全体売上 | C7: 銀振会員（更新要ｶｸﾆﾝ）Apex年間 | D7: 45778 | E7: 0 | F7: 6
A8: まとめ継続 | B8: 全体売上 | C8: 3ヶ月会員（ライト・クレカ自動更新） | D8: 45809 | E8: 455400 | F8: 7
A9: まとめ継続 | B9: 全体売上 | C9: 6ヶ月会員（ライト・クレカ自動更新） | D9: 45809 | E9: 2552700 | F9: 8
A10: まとめ継続 | B10: 全体売上 | C10: Apex年間会員（自動更新） | D10: 45809 | E10: 84915 | F10: 9
A11: まとめ継続 | B11: 全体売上 | C11: 銀振会員（更新要ｶｸﾆﾝ）3ヶ月 | D11: 45809 | E11: 0 | F11: 10
A12: まとめ継続 | B12: 全体売上 | C12: 銀振会員（更新要ｶｸﾆﾝ）6ヶ月 | D12: 45809 | E12: 76200 | F12: 11
A13: まとめ継続 | B13: 全体売上 | C13: 銀振会員（更新要ｶｸﾆﾝ）Apex年間 | D13: 45809 | E13: 0 | F13: 12
... A169: まとめ継続 | B169: 自社分 | C169: 銀振会員（更新要ｶｸﾆﾝ）Apex年間 | D169: 46174 | E169: 12737 | F169: 168

Sheet Sheet11(2月)
A1: タイプ1 | B1: タイプ2 | C1: 商品名 | D1: 計上月 | E1: 合計金額
A2: まとめ継続 | B2: 全体売上 | C2: 6ヶ月会員（ライト・クレカ自動更新） | D2: 2025年03月 | E2: 38100
A3: まとめ継続 | B3: 自社分 | C3: 6ヶ月会員（ライト・クレカ自動更新） | D3: 2025年03月 | E3: 17145
A4: まとめ継続 | B4: 全体売上 | C4: 3ヶ月会員（ライト・クレカ自動更新） | D4: 2025年04月 | E4: 1544400
A5: まとめ継続 | B5: 全体売上 | C5: 6ヶ月会員（ライト・クレカ自動更新） | D5: 2025年04月 | E5: 533400
A6: まとめ継続 | B6: 全体売上 | C6: 銀振会員（更新要ｶｸﾆﾝ）3ヶ月 | D6: 2025年04月 | E6: 178200
A7: まとめ継続 | B7: 自社分 | C7: 3ヶ月会員（ライト・クレカ自動更新） | D7: 2025年04月 | E7: 694980
A8: まとめ継続 | B8: 自社分 | C8: 6ヶ月会員（ライト・クレカ自動更新） | D8: 2025年04月 | E8: 240030
A9: まとめ継続 | B9: 自社分 | C9: 銀振会員（更新要ｶｸﾆﾝ）3ヶ月 | D9: 2025年04月 | E9: 80190
A10: まとめ継続 | B10: 全体売上 | C10: 3ヶ月会員（ライト・クレカ自動更新） | D10: 2025年05月 | E10: 2019600
A11: まとめ継続 | B11: 全体売上 | C11: 6ヶ月会員（ライト・クレカ自動更新） | D11: 2025年05月 | E11: 2990850
A12: まとめ継続 | B12: 全体売上 | C12: Apex年間会員（自動更新） | D12: 2025年05月 | E12: 56610
A13: まとめ継続 | B13: 全体売上 | C13: 銀振会員（更新要ｶｸﾆﾝ）3ヶ月 | D13: 2025年05月 | E13: 198000
... A85: まとめ継続 | B85: 自社分 | C85: 銀振会員（更新要ｶｸﾆﾝ）Apex年間 | D85: 2026年01月 | E85: 12737

Sheet Sheet11 (並べ替えの都合上の削除前)
A1: タイプ1 | B1: タイプ2 | C1: 商品名 | D1: 計上月 | E1: 合計金額
A2: まとめ継続 | B2: 全体売上 | C2: 6ヶ月会員（ライト・クレカ自動更新） | D2: 2025年03月 | E2: 38100 | N2: 3ヶ月会員（ライト・クレカ自動更新） | O2: 6ヶ月会員（ライト・クレカ自動更新） | P2: Apex年間会員（自動更新） | Q2: 銀振会員（更新要ｶｸﾆﾝ）3ヶ月 | R2: 銀振会員（更新要ｶｸﾆﾝ）6ヶ月 | S2: 銀振会員（更新要ｶｸﾆﾝ）Apex年間 | T2: 総計 | U2: 0.45
A3: まとめ継続 | B3: 自社分 | C3: 6ヶ月会員（ライト・クレカ自動更新） | D3: 2025年03月 | E3: 17145 | M3: 2025年3月 | O3: 38100 | T3: 38100
A4: まとめ継続 | B4: 全体売上 | C4: 3ヶ月会員（ライト・クレカ自動更新） | D4: 2025年04月 | E4: 1544400 | M4: 2025年4月 | N4: 1544400 | O4: 533400 | Q4: 178200 | T4: 2256000
A5: まとめ継続 | B5: 全体売上 | C5: 6ヶ月会員（ライト・クレカ自動更新） | D5: 2025年04月 | E5: 533400 | M5: 2025年5月 | N5: 2019600 | O5: 2990850 | P5: 56610 | Q5: 198000 | R5: 76200 | T5: 5341260
A6: まとめ継続 | B6: 全体売上 | C6: 銀振会員（更新要ｶｸﾆﾝ）3ヶ月 | D6: 2025年04月 | E6: 178200 | M6: 2025年6月 | N6: 2059200 | O6: 3162300 | P6: 84915 | Q6: 198000 | R6: 76200 | T6: 5580615
A7: まとめ継続 | B7: 自社分 | C7: 3ヶ月会員（ライト・クレカ自動更新） | D7: 2025年04月 | E7: 694980 | M7: 2025年7月 | N7: 514800 | O7: 9315450 | P7: 84915 | Q7: 19800 | R7: 495300 | T7: 10430265
A8: まとめ継続 | B8: 自社分 | C8: 6ヶ月会員（ライト・クレカ自動更新） | D8: 2025年04月 | E8: 240030 | M8: 2025年8月 | N8: 39600 | O8: 9429750 | P8: 94350 | R8: 495300 | T8: 10059000
A9: まとめ継続 | B9: 自社分 | C9: 銀振会員（更新要ｶｸﾆﾝ）3ヶ月 | D9: 2025年04月 | E9: 80190 | M9: 2025年9月 | O9: 9486900 | P9: 245310 | R9: 495300 | S9: 28305 | T9: 10255815
A10: まとめ継続 | B10: 全体売上 | C10: 3ヶ月会員（ライト・クレカ自動更新） | D10: 2025年05月 | E10: 2019600 | M10: 2025年10月 | O10: 9010650 | P10: 245310 | R10: 495300 | S10: 28305 | T10: 9779565
A11: まとめ継続 | B11: 全体売上 | C11: 6ヶ月会員（ライト・クレカ自動更新） | D11: 2025年05月 | E11: 2990850 | M11: 2025年11月 | O11: 6553200 | P11: 245310 | R11: 419100 | S11: 28305 | T11: 7245915
A12: まとめ継続 | B12: 全体売上 | C12: Apex年間会員（自動更新） | D12: 2025年05月 | E12: 56610 | M12: 2025年12月 | O12: 6381750 | P12: 254745 | R12: 419100 | S12: 28305 | T12: 7083900
A13: まとめ継続 | B13: 全体売上 | C13: 銀振会員（更新要ｶｸﾆﾝ）3ヶ月 | D13: 2025年05月 | E13: 198000 | M13: 2026年1月 | O13: 228600 | P13: 254745 | S13: 28305 | T13: 511650
A14: まとめ継続 | B14: 全体売上 | C14: 銀振会員（更新要ｶｸﾆﾝ）6ヶ月 | D14: 2025年05月 | E14: 76200 | M14: 2026年2月 | O14: 114300 | P14: 254745 | S14: 28305 | T14: 397350
A15: まとめ継続 | B15: 自社分 | C15: 3ヶ月会員（ライト・クレカ自動更新） | D15: 2025年05月 | E15: 908820 | M15: 2026年3月 | O15: 19050 | P15: 349095 | S15: 28305 | T15: 396450
A16: まとめ継続 | B16: 自社分 | C16: 6ヶ月会員（ライト・クレカ自動更新） | D16: 2025年05月 | E16: 1345882 | M16: 2026年4月 | P16: 349095 | S16: 28305 | T16: 377400
A17: まとめ継続 | B17: 自社分 | C17: Apex年間会員（自動更新） | D17: 2025年05月 | E17: 25474 | M17: 2026年5月 | P17: 292485 | S17: 28305 | T17: 320790
A18: まとめ継続 | B18: 自社分 | C18: 銀振会員（更新要ｶｸﾆﾝ）3ヶ月 | D18: 2025年05月 | E18: 89100 | M18: 2026年6月 | P18: 264180 | S18: 28305 | T18: 292485
A19: まとめ継続 | B19: 自社分 | C19: 銀振会員（更新要ｶｸﾆﾝ）6ヶ月 | D19: 2025年05月 | E19: 34290 | M19: 2026年7月 | P19: 264180 | S19: 28305 | T19: 292485
A20: まとめ継続 | B20: 全体売上 | C20: 3ヶ月会員（ライト・クレカ自動更新） | D20: 2025年06月 | E20: 2059200 | M20: 2026年8月 | P20: 254745 | S20: 28305 | T20: 283050
A21: まとめ継続 | B21: 全体売上 | C21: 6ヶ月会員（ライト・クレカ自動更新） | D21: 2025年06月 | E21: 3162300 | M21: 2026年9月 | P21: 103785 | T21: 103785
A22: まとめ継続 | B22: 全体売上 | C22: Apex年間会員（自動更新） | D22: 2025年06月 | E22: 84915 | M22: 2026年10月 | P22: 103785 | T22: 103785
A23: まとめ継続 | B23: 全体売上 | C23: 銀振会員（更新要ｶｸﾆﾝ）3ヶ月 | D23: 2025年06月 | E23: 198000 | M23: 2026年11月 | P23: 103785 | T23: 103785
A24: まとめ継続 | B24: 全体売上 | C24: 銀振会員（更新要ｶｸﾆﾝ）6ヶ月 | D24: 2025年06月 | E24: 76200 | M24: 2026年12月 | P24: 94350 | T24: 94350
A25: まとめ継続 | B25: 自社分 | C25: 3ヶ月会員（ライト・クレカ自動更新） | D25: 2025年06月 | E25: 926640 | M25: 2027年1月 | P25: 94350 | T25: 94350
A26: まとめ継続 | B26: 自社分 | C26: 6ヶ月会員（ライト・クレカ自動更新） | D26: 2025年06月 | E26: 1423035 | M26: 2027年2月 | P26: 94350 | T26: 94350
A27: まとめ継続 | B27: 自社分 | C27: Apex年間会員（自動更新） | D27: 2025年06月 | E27: 38211 | M27: 2027年3月
A28: まとめ継続 | B28: 自社分 | C28: 銀振会員（更新要ｶｸﾆﾝ）3ヶ月 | D28: 2025年06月 | E28: 89100
A29: まとめ継続 | B29: 自社分 | C29: 銀振会員（更新要ｶｸﾆﾝ）6ヶ月 | D29: 2025年06月 | E29: 34290
A30: まとめ継続 | B30: 全体売上 | C30: 3ヶ月会員（ライト・クレカ自動更新） | D30: 2025年07月 | E30: 514800
A31: まとめ継続 | B31: 全体売上 | C31: 6ヶ月会員（ライト・クレカ自動更新） | D31: 2025年07月 | E31: 9315450
A32: まとめ継続 | B32: 全体売上 | C32: Apex年間会員（自動更新） | D32: 2025年07月 | E32: 84915
A33: まとめ継続 | B33: 全体売上 | C33: 銀振会員（更新要ｶｸﾆﾝ）3ヶ月 | D33: 2025年07月 | E33: 19800
A34: まとめ継続 | B34: 全体売上 | C34: 銀振会員（更新要ｶｸﾆﾝ）6ヶ月 | D34: 2025年07月 | E34: 495300
A35: まとめ継続 | B35: 自社分 | C35: 3ヶ月会員（ライト・クレカ自動更新） | D35: 2025年07月 | E35: 231660
A36: まとめ継続 | B36: 自社分 | C36: 6ヶ月会員（ライト・クレカ自動更新） | D36: 2025年07月 | E36: 4191952
A37: まとめ継続 | B37: 自社分 | C37: Apex年間会員（自動更新） | D37: 2025年07月 | E37: 38211
A38: まとめ継続 | B38: 自社分 | C38: 銀振会員（更新要ｶｸﾆﾝ）3ヶ月 | D38: 2025年07月 | E38: 8910
A39: まとめ継続 | B39: 自社分 | C39: 銀振会員（更新要ｶｸﾆﾝ）6ヶ月 | D39: 2025年07月 | E39: 222885
... A129: まとめ継続 | B129: 自社分 | C129: Apex年間会員（自動更新） | D129: 2026年09月 | E129: 46703

Sheet Sheet11(1月集計) 
A1: タイプ1 | B1: タイプ2 | C1: 商品名 | D1: 計上月 | E1: 合計金額
A2: まとめ継続 | B2: 全体売上 | C2: 3ヶ月会員（ライト・クレカ自動更新） | D2: 2025年02月 | E2: 19800
A3: まとめ継続 | B3: 全体売上 | C3: 6ヶ月会員（ライト・クレカ自動更新） | D3: 2025年02月 | E3: 38100
A4: まとめ継続 | B4: 全体売上 | C4: 銀振会員（更新要ｶｸﾆﾝ）3ヶ月 | D4: 2025年02月 | E4: 0
A5: まとめ継続 | B5: 自社分 | C5: 3ヶ月会員（ライト・クレカ自動更新） | D5: 2025年02月 | E5: 8910
A6: まとめ継続 | B6: 自社分 | C6: 6ヶ月会員（ライト・クレカ自動更新） | D6: 2025年02月 | E6: 17145
A7: まとめ継続 | B7: 自社分 | C7: 銀振会員（更新要ｶｸﾆﾝ）3ヶ月 | D7: 2025年02月 | E7: 0
A8: まとめ継続 | B8: 全体売上 | C8: 3ヶ月会員（ライト・クレカ自動更新） | D8: 2025年03月 | E8: 1821600
A9: まとめ継続 | B9: 全体売上 | C9: 6ヶ月会員（ライト・クレカ自動更新） | D9: 2025年03月 | E9: 533400
A10: まとめ継続 | B10: 全体売上 | C10: 銀振会員（更新要ｶｸﾆﾝ）3ヶ月 | D10: 2025年03月 | E10: 178200
A11: まとめ継続 | B11: 自社分 | C11: 3ヶ月会員（ライト・クレカ自動更新） | D11: 2025年03月 | E11: 819720
A12: まとめ継続 | B12: 自社分 | C12: 6ヶ月会員（ライト・クレカ自動更新） | D12: 2025年03月 | E12: 240030
A13: まとめ継続 | B13: 自社分 | C13: 銀振会員（更新要ｶｸﾆﾝ）3ヶ月 | D13: 2025年03月 | E13: 80190
... A107: まとめ継続 | B107: 自社分 | C107: Apex年間会員（自動更新） | D107: 2027年01月 | E107: 42457

Sheet まとめ継続(2月)
A1: 顧客ID | B1: GMO継続ID(LV) | C1: 顧客属性 | D1: 注文履歴 | E1: 配送履歴 | F1: 氏名 | G1: ふりがな | H1: 電話番号 | I1: 登録メールアドレス | J1: MD | K1: 予備メールアドレス | L1: 郵便番号 | M1: 都道府県 | N1: 住所（市区町村） | O1: それ以降の住所 | P1: GMO継続ID(JIS) | Q1: オプトイン | R1: 顧客登録日 | S1: CLEARTRADEコミュ会員タイプ | T1: CLEARTRADEコミュ退会日 | U1: 金額 | V1: 2025年3月 | W1: 2025年4月 | X1: 2025年5月 | Y1: 2025年6月 | Z1: 2025年7月 | AA1: 2025年8月 | AB1: 2025年9月 | AC1: 2025年10月 | AD1: 2025年11月 | AE1: 2025年12月 | AF1: 2026年1月 | AG1: 2026年2月 | AH1: 2026年3月 | AI1: 2025年3月 | AJ1: 2025年4月 | AK1: 2025年5月 | AL1: 2025年6月 | AM1: 2025年7月 | AN1: 2025年8月 | AO1: 2025年9月 | AP1: 2025年10月 | AQ1: 2025年11月 | AR1: 2025年12月 | AS1: 2026年1月 | AT1: 2026年2月 | AU1: 2026年3月 | AV1: 2026年4月 | AW1: 2026年5月 | AX1: 2026年6月 | AY1: 2026年7月 | AZ1: 2026年8月 | BA1: 2026年9月 | BB1: 2026年10月 | BC1: 2026年11月 | BD1: 2026年12月 | BE1: 2027年1月 | BF1: 2027年2月 | BG1: 2027年3月 | BH1: 億り人：相場研究会員タイプ | BI1: 億り人：相場研究退会日 | BJ1: りゅうじじデイトレ会員タイプ | BK1: りゅうじじデイトレ退会日 | BL1: 次世代知的投資家クラブ会員タイプ | BM1: 次世代知的投資家クラブ退会日 | BN1: 奥村尚の金融リテラシー会員タイプ | BO1: 奥村尚の金融リテラシー退会日 | BP1: CLEARエッセンシャル会員タイプ | BQ1: CLEARエッセンシャル退会日 | BR1: 大魔神会員タイプ | BS1: 大魔神退会日 | BT1: MSTP通信会員タイプ | BU1: MSTP通信退会日 | BV1: 高子ファミリー会員タイプ（プライスライン） | BW1: 高子ファミリー退会日 | BX1: 高子ファミリー【配信】会員タイプ | BY1: 高子ファミリー【配信】退会日 | BZ1: エバトレ会員タイプ | CA1: エバトレ退会日 | CB1: 秋田式ライトコース会員タイプ | CC1: 秋田式ライトコース退会日 | CD1: CLEARマスタープログラム分割会員 | CE1: CLEARマスタープログラム分割退会日 | CF1: トレンドサイン会員タイプ | CG1: トレンドサイン退会日 | CH1: PEAKFINDER会員タイプ | CI1: PEAKFINDER退会日 | CJ1: ADT継続会員タイプ | CK1: ADT継続退会日 | CM1: ＤＭ | CN1: メルマガ | CO1: 初回商品購入日 | CP1: 最終商品購入日 | CQ1: 在籍期間 | CR1: 売上累計 | CS1: 購入回数 | CT1: トレンドサインマスター講座：LINEアカウント
A2: C-00083249 | D2: 注文履歴 | E2: 配送履歴 | F2: 田辺博史 | G2: たなべひろふみ | H2: 8037680607 | I2: tanabe@yen-group.com | J2: https://mdpink.maildealer.jp/wapi.php | L2: 540-0004 | M2: 大阪府 | N2: 大阪市東成区中道 | O2: 1-10-10Hoxinpeace森ノ宮105 | Q2: res_youtube_mrk | R2: 45591 | S2: 6ヶ月会員（ライト・クレカ自動更新） | T2: 45889 | U2: 114300 | AB2: =+U2 -> 114300 | AO2: 19050 | AP2: 19050 | AQ2: 19050 | AR2: 19050 | AS2: 19050 | AT2: 19050 | CR2: 546600 | CS2: 2
A3: C-00081946 | D3: 注文履歴 | E3: 配送履歴 | F3: 山田世賢 | G3: やまだせいけん | H3: 9044161980 | I3: isohatago@yahoo.co.jp | J3: https://mdpink.maildealer.jp/wapi.php | L3: 115-0045 | M3: 東京都 | N3: 北区 | O3: 赤羽1-40-11-704 プレールドゥーク赤羽Ⅱ | Q3: res_youtube_mrk_seminar241005 | R3: 45538 | S3: 6ヶ月会員（ライト・クレカ自動更新） | T3: 45920 | U3: 114300 | AC3: =+U3 -> 114300 | AP3: 19050 | AQ3: 19050 | AR3: 19050 | AS3: 19050 | AT3: 19050 | AU3: 19050 | CR3: 551490 | CS3: 3
A4: C-00075126 | C4: ID重複用 | D4: 注文履歴 | E4: 配送履歴 | F4: 武田祐二 | G4: たけだゆうじ | H4: 9089580958 | I4: yellow.tail@docomo.ne.jp | J4: https://mdpink.maildealer.jp/wapi.php | L4: 421-0117 | M4: 静岡県 | N4: 静岡市駿河区下川原南 | O4: 45859 | Q4: res_youtube_mrk | R4: 45444 | S4: 3ヶ月会員（ライト・クレカ自動更新） | T4: 45767 | U4: 59400 | X4: =+U4 -> 59400 | AK4: 19800 | AL4: 19800 | AM4: 19800 | CR4: 59400 | CS4: 1
A5: C-00074947 | D5: 注文履歴 | E5: 配送履歴 | F5: 宮川美樹 | G5: みやかわよしき | H5: 8018828811 | I5: adgjmptw2001@gmail.com | J5: https://mdpink.maildealer.jp/wapi.php | L5: 005-0004 | M5: 北海道 | N5: 札幌市南区澄川4条 | O5: 3丁目8-44-1 | Q5: res_youtube_mrk | R5: 45447 | S5: 3ヶ月会員（ライト・クレカ自動更新） | T5: 45736 | U5: 59400 | W5: =+U5 -> 59400 | AJ5: 19800 | AK5: 19800 | AL5: 19800 | CR5: 491700 | CS5: 7
A6: C-00074945 | D6: 注文履歴 | E6: 配送履歴 | F6: 岩崎由美子 | G6: いわさきゆみこ | H6: 9069630121 | I6: kouandryuu@gmail.com | J6: https://mdpink.maildealer.jp/wapi.php | L6: 651-2135 | M6: 兵庫県 | N6: 神戸市西区王塚台 | O6: 2-13-10 | Q6: res_youtube_mrk | R6: 45447 | S6: 3ヶ月会員（ライト・クレカ自動更新） | T6: 45736 | U6: 59400 | W6: =+U6 -> 59400 | AJ6: 19800 | AK6: 19800 | AL6: 19800 | CR6: 491700 | CS6: 2
A7: C-00074942 | D7: 注文履歴 | E7: 配送履歴 | F7: 藤山貴浩 | G7: ふじやまたかひろ | H7: 8012788103 | I7: akeboshi06@gmail.com | J7: https://mdpink.maildealer.jp/wapi.php | L7: 341-0002 | M7: 埼玉県 | N7: 三郷市彦音 | O7: 2-25-2 ルーラルパーク301 | Q7: res_youtube | R7: 45447 | S7: 3ヶ月会員（ライト・クレカ自動更新） | T7: 45736 | U7: 59400 | W7: =+U7 -> 59400 | AJ7: 19800 | AK7: 19800 | AL7: 19800 | CR7: 491700 | CS7: 7
A8: C-00074941 | D8: 注文履歴 | E8: 配送履歴 | F8: 橋本公洋 | G8: はしもときみひろ | H8: 9070642282 | I8: kisss642_ipad@icloud.com | J8: https://mdpink.maildealer.jp/wapi.php | L8: 962-0401 | M8: 福島県 | N8: 須賀川市 | O8: 向陽町642 | Q8: res_youtube_mrk | R8: 45447 | S8: 6ヶ月会員（ライト・クレカ自動更新） | T8: 45828 | U8: 114300 | Z8: =+U8 -> 114300 | AM8: 19050 | AN8: 19050 | AO8: 19050 | AP8: 19050 | AQ8: 19050 | AR8: 19050 | CR8: 546600 | CS8: 2
A9: C-00074937 | D9: 注文履歴 | E9: 配送履歴 | F9: 今泉宏章 | G9: いまいずみひろあき | H9: 9091911429 | I9: botzehrc@yahoo.co.jp | J9: https://mdpink.maildealer.jp/wapi.php | L9: 447-0012 | M9: 埼玉県 | N9: 加須市 | O9: 45659 | Q9: res_youtube_mrk | R9: 45447 | S9: 銀振会員（更新要ｶｸﾆﾝ）6ヶ月 | T9: 45828 | U9: 114300 | Z9: =+U9 -> 114300 | AM9: 19050 | AN9: 19050 | AO9: 19050 | AP9: 19050 | AQ9: 19050 | AR9: 19050 | CR9: 432300 | CS9: 1
A10: C-00074934 | D10: 注文履歴 | E10: 配送履歴 | F10: 廣田雅美 | G10: ひろたまさみ | H10: 9054692739 | I10: meru01312001@yahoo.co.jp | J10: https://mdpink.maildealer.jp/wapi.php | L10: 646-1417 | M10: 和歌山県 | N10: 田辺市中辺路町川合 | O10: 1532 | Q10: res_youtube_mrk | R10: 45447 | S10: 6ヶ月会員（ライト・クレカ自動更新） | T10: 45828 | U10: 114300 | Z10: =+U10 -> 114300 | AM10: 19050 | AN10: 19050 | AO10: 19050 | AP10: 19050 | AQ10: 19050 | AR10: 19050 | CR10: 546600 | CS10: 3
A11: C-00074931 | D11: 注文履歴 | E11: 配送履歴 | F11: 帆苅正典 | G11: ほかりまさのり | H11: 9044761520 | I11: nor.ism@icloud.com | J11: https://mdpink.maildealer.jp/wapi.php | L11: 314-0143 | M11: 茨城県 | N11: 神栖市 | O11: 神栖13-22 ミリオンファミリーズ105 | Q11: res_youtube_mrk | R11: 45447 | S11: 6ヶ月会員（ライト・クレカ自動更新） | T11: 45828 | U11: 114300 | Z11: =+U11 -> 114300 | AM11: 19050 | AN11: 19050 | AO11: 19050 | AP11: 19050 | AQ11: 19050 | AR11: 19050 | CR11: 546600 | CS11: 3
A12: C-00074928 | D12: 注文履歴 | E12: 配送履歴 | F12: 吉田努 | G12: よしだつとむ | H12: 9043850274 | I12: yoshimoo732507@gmail.com | J12: https://mdpink.maildealer.jp/wapi.php | L12: 113-0023 | M12: 東京都 | N12: 文京区向丘 | O12: 2-34-1 エスタジオ本駒込302 | Q12: res_youtube_mrk | R12: 45447 | S12: 6ヶ月会員（ライト・クレカ自動更新） | T12: 45828 | U12: 114300 | Z12: =+U12 -> 114300 | AM12: 19050 | AN12: 19050 | AO12: 19050 | AP12: 19050 | AQ12: 19050 | AR12: 19050 | CR12: 546600 | CS12: 2
A13: C-00074922 | D13: 注文履歴 | E13: 配送履歴 | F13: 上野利仁 | G13: うえのとしひと | H13: 9014964243 | I13: toshi.hit.u@gmail.com | J13: https://mdpink.maildealer.jp/wapi.php | L13: 321-0111 | M13: 栃木県 | N13: 宇都宮市 | O13: 川田町111ー2 | Q13: res_youtube_mrk | R13: 45447 | S13: 6ヶ月会員（ライト・クレカ自動更新） | T13: 45828 | U13: 114300 | Z13: =+U13 -> 114300 | AM13: 19050 | AN13: 19050 | AO13: 19050 | AP13: 19050 | AQ13: 19050 | AR13: 19050 | CR13: 546600 | CS13: 2
A14: C-00074920 | D14: 注文履歴 | E14: 配送履歴 | F14: 谷田昌広 | G14: たにだまさひろ | H14: 9091991825 | I14: tanidakagu1@gmail.com | J14: https://mdpink.maildealer.jp/wapi.php | L14: 444-3433 | M14: 愛知県 | N14: 岡崎市 | O14: 木下町字竹ノ花41 | Q14: res_youtube_mrk | R14: 45447 | S14: （退会済）月額ライト | T14: 45706 | CR14: 453270 | CS14: 7
A15: C-00074916 | D15: 注文履歴 | E15: 配送履歴 | F15: 近藤洋文 | G15: こんどうひろふみ | H15: 9095010677 | I15: kkdental1122@gmail.com | J15: https://mdpink.maildealer.jp/wapi.php | L15: 600-8415 | M15: 京都府 | N15: 京都市下京区 | O15: 因幡堂町677イスケビル2階 | Q15: res_youtube_mrk | R15: 45447 | S15: 銀振会員（更新要ｶｸﾆﾝ）3ヶ月 | T15: 45736 | U15: 59400 | W15: =+U15 -> 59400 | AJ15: 19800 | AK15: 19800 | AL15: 19800 | CR15: 491700 | CS15: 2
A16: C-00074914 | D16: 注文履歴 | E16: 配送履歴 | F16: 西村与志郎 | G16: にしむらよしろう | H16: 9040250328 | I16: jl3sik@gmail.com | J16: https://mdpink.maildealer.jp/wapi.php | L16: 565-0863 | M16: 大阪府 | N16: 吹田市竹見台 | O16: 4丁目2-6 | Q16: res_youtube_mrk | R16: 45447 | S16: 6ヶ月会員（ライト・クレカ自動更新） | T16: 45858 | U16: 114300 | AA16: =+U16 -> 114300 | AN16: 19050 | AO16: 19050 | AP16: 19050 | AQ16: 19050 | AR16: 19050 | AS16: 19050 | CR16: 567570 | CS16: 3
A17: C-00074905 | D17: 注文履歴 | E17: 配送履歴 | F17: 實平哲也 | G17: さねひらてつや | H17: 8047165868 | I17: sanetti25th@yahoo.co.jp | J17: https://mdpink.maildealer.jp/wapi.php | L17: 252-0344 | M17: 神奈川県 | N17: 相模原市南区古淵 | O17: 2-3-7T&T第二ビル205 | Q17: res_youtube_mrk | R17: 45447 | S17: 6ヶ月会員（ライト・クレカ自動更新） | T17: 45889 | U17: 114300 | AB17: =+U17 -> 114300 | AO17: 19050 | AP17: 19050 | AQ17: 19050 | AR17: 19050 | AS17: 19050 | AT17: 19050 | CR17: 546600 | CS17: 2
A18: C-00074903 | D18: 注文履歴 | E18: 配送履歴 | F18: コーンみさ | G18: こーんみさ | H18: 8089539757 | I18: misanino2@gmail.com | J18: https://mdpink.maildealer.jp/wapi.php | L18: 96701 | M18: 東京都 | N18: Onikiniki Way Aiea | O18: 98-1411 | Q18: res_youtube_mrk | R18: 45447 | S18: 3ヶ月会員（ライト・クレカ自動更新） | T18: 45736 | U18: 59400 | W18: =+U18 -> 59400 | AJ18: 19800 | AK18: 19800 | AL18: 19800 | CR18: 491700 | CS18: 2
A19: C-00074901 | D19: 注文履歴 | E19: 配送履歴 | F19: 佐藤誠 | G19: さとうまこと | H19: 8064027748 | I19: Wa87253iop@yahoo.co.jp | J19: https://mdpink.maildealer.jp/wapi.php | L19: 234-0003 | M19: 神奈川県 | N19: 横浜市港南区港南 | O19: 2-15-10 204号 | Q19: res_youtube_mrk | R19: 45447 | S19: 6ヶ月会員（ライト・クレカ自動更新） | T19: 45828 | U19: 114300 | Z19: =+U19 -> 114300 | AM19: 19050 | AN19: 19050 | AO19: 19050 | AP19: 19050 | AQ19: 19050 | AR19: 19050 | CR19: 546600 | CS19: 4
A20: C-00074897 | D20: 注文履歴 | E20: 配送履歴 | F20: 山野操 | G20: やまのみさお | H20: 9066084616 | I20: yamanoimo2@gmail.com | J20: https://mdpink.maildealer.jp/wapi.php | L20: 542-0083 | M20: 大阪府 | N20: 中央区東心斎橋 | O20: 1-3-3, ブランズタワーウェリス心斎橋South704 | Q20: res_youtube_mrk | R20: 45447 | S20: 6ヶ月会員（ライト・クレカ自動更新） | T20: 45828 | U20: 114300 | Z20: =+U20 -> 114300 | AM20: 19050 | AN20: 19050 | AO20: 19050 | AP20: 19050 | AQ20: 19050 | AR20: 19050 | CR20: 546600 | CS20: 7
A21: C-00074892 | D21: 注文履歴 | E21: 配送履歴 | F21: 若松俊宏 | G21: わかまつとしひろ | H21: 9095406258 | I21: volken3535@i.softbank.jp | J21: https://mdpink.maildealer.jp/wapi.php | L21: 605-0913 | M21: 京都府 | N21: 京都市東山区石垣町東側 | O21: 60 | Q21: res_youtube_mrk | R21: 45447 | S21: 6ヶ月会員（ライト・クレカ自動更新） | T21: 45828 | U21: 114300 | Z21: =+U21 -> 114300 | AM21: 19050 | AN21: 19050 | AO21: 19050 | AP21: 19050 | AQ21: 19050 | AR21: 19050 | CR21: 432300 | CS21: 6
A22: C-00074891 | D22: 注文履歴 | E22: 配送履歴 | F22: 宮川宏美 | G22: みやがわひろみ | H22: 8014999421 | I22: sabu.miyabi.no@gmail.com | J22: https://mdpink.maildealer.jp/wapi.php | L22: 617-0002 | M22: 京都府 | N22: 向日市寺戸町西野辺 | O22: 21-14シャルマンコート202 | Q22: res_youtube_mrk | R22: 45447 | S22: 3ヶ月会員（ライト・クレカ自動更新） | T22: 45736 | U22: 59400 | W22: =+U22 -> 59400 | AJ22: 19800 | AK22: 19800 | AL22: 19800 | CR22: 491700 | CS22: 3
A23: C-00074889 | D23: 注文履歴 | E23: 配送履歴 | F23: 塩田芳江 | G23: しおだよしえ | H23: 9087020938 | I23: yoi@yahoo.co.jp | J23: https://mdpink.maildealer.jp/wapi.php | L23: 910-0015 | M23: 福井県 | N23: 福井市 | O23: 二ノ宮2-15-18A-1 | Q23: res_youtube_mrk | R23: 45447 | S23: 銀振会員（更新要ｶｸﾆﾝ）6ヶ月 | T23: 45828 | U23: 114300 | Z23: =+U23 -> 114300 | AM23: 19050 | AN23: 19050 | AO23: 19050 | AP23: 19050 | AQ23: 19050 | AR23: 19050 | CR23: 546600 | CS23: 2
A24: C-00074888 | D24: 注文履歴 | E24: 配送履歴 | F24: 本目毅 | G24: ほんめつよし | H24: 9040904687 | I24: tsu.honme@gmail.com | J24: https://mdpink.maildealer.jp/wapi.php | L24: 350-0807 | M24: 埼玉県 | N24: 川越市大字吉田 | O24: 185-6 ゼフィール101 | Q24: res_youtube_mrk | R24: 45447 | S24: 銀振会員（更新要ｶｸﾆﾝ）3ヶ月 | T24: 45736 | U24: 59400 | W24: =+U24 -> 59400 | AJ24: 19800 | AK24: 19800 | AL24: 19800 | CR24: 491700 | CS24: 2
A25: C-00074887 | D25: 注文履歴 | E25: 配送履歴 | F25: 檀高博 | G25: だんたかひろ | H25: 9093940688 | I25: taka.dan.2709.dragon@gmail.com | J25: https://mdpink.maildealer.jp/wapi.php | L25: 245-0014 | M25: 神奈川県 | N25: 横浜市泉区 | O25: 中田南1-1-16-201 | Q25: res_youtube_mrk | R25: 45447 | S25: 3ヶ月会員（ライト・クレカ自動更新） | T25: 45736 | U25: 59400 | W25: =+U25 -> 59400 | AJ25: 19800 | AK25: 19800 | AL25: 19800 | CR25: 491700 | CS25: 7
A26: C-00074886 | D26: 注文履歴 | E26: 配送履歴 | F26: 中嶋啓博 | G26: なかじまあきひろ | H26: 9073082308 | I26: sirube73@gmail.com | J26: https://mdpink.maildealer.jp/wapi.php | L26: 465-0073 | M26: 愛知県 | N26: 名古屋市名東区 | O26: 高針原1-801 | Q26: res_youtube_mrk | R26: 45447 | S26: （退会済）月額ライト | T26: 45706 | CR26: 474240 | CS26: 8
A27: C-00074885 | D27: 注文履歴 | E27: 配送履歴 | F27: 工藤貴之 | G27: くどうたかゆき | H27: 8018011746 | I27: mcm1801qlo1746@gmail.com | J27: https://mdpink.maildealer.jp/wapi.php | L27: 997-0821 | M27: 山形県 | N27: 鶴岡市三光町 | O27: 45752 | Q27: res_youtube_mrk | R27: 45447 | S27: 6ヶ月会員（ライト・クレカ自動更新） | T27: 45828 | U27: 114300 | Z27: =+U27 -> 114300 | AM27: 19050 | AN27: 19050 | AO27: 19050 | AP27: 19050 | AQ27: 19050 | AR27: 19050 | CR27: 432300 | CS27: 6
A28: C-00074881 | D28: 注文履歴 | E28: 配送履歴 | F28: 馬場昭江 | G28: ばばあきえ | H28: 9094220703 | I28: akiebaba@ybb.ne.jp | J28: https://mdpink.maildealer.jp/wapi.php | L28: 014-0333 | M28: 秋田県 | N28: 仙北市角館町川原町 | O28: 21186 | Q28: res_youtube_mrk | R28: 45447 | S28: 6ヶ月会員（ライト・クレカ自動更新） | T28: 45828 | U28: 114300 | Z28: =+U28 -> 114300 | AM28: 19050 | AN28: 19050 | AO28: 19050 | AP28: 19050 | AQ28: 19050 | AR28: 19050 | CR28: 546600 | CS28: 2
A29: C-00074876 | D29: 注文履歴 | E29: 配送履歴 | F29: 景山康司 | G29: かげやまやすじ | H29: 9071260021 | I29: ha_sekai@yahoo.co.jp | J29: https://mdpink.maildealer.jp/wapi.php | L29: 733-0002 | M29: 広島県 | N29: 広島市西区楠木町 | O29: 4-9-8 リバーサイドパーク楠木 | Q29: res_youtube_mrk | R29: 45447 | S29: 3ヶ月会員（ライト・クレカ自動更新） | T29: 45736 | U29: 59400 | W29: =+U29 -> 59400 | AJ29: 19800 | AK29: 19800 | AL29: 19800 | CR29: 432300 | CS29: 1
A30: C-00074871 | D30: 注文履歴 | E30: 配送履歴 | F30: 山口裕紀 | G30: やまぐちゆき | H30: 9056243606 | I30: yukky.minnie@gmail.com | J30: https://mdpink.maildealer.jp/wapi.php | L30: 470-0135 | M30: 愛知県 | N30: 日進岩崎台 | O30: 2-1306-17 | Q30: res_youtube_mrk | R30: 45447 | S30: （退会済）月額ライト | T30: 45705 | CR30: 474240 | CS30: 8
A31: C-00074870 | D31: 注文履歴 | E31: 配送履歴 | F31: 中馬宏昌 | G31: ちゅうまひろまさ | H31: 8053842109 | I31: arms2678@gmail.com | J31: https://mdpink.maildealer.jp/wapi.php | L31: 223-0064 | M31: 神奈川県 | N31: 横浜市港北区下田町 | O31: 3-13-18 | Q31: res_youtube_mrk | R31: 45447 | S31: 6ヶ月会員（ライト・クレカ自動更新） | T31: 45828 | U31: 114300 | Z31: =+U31 -> 114300 | AM31: 19050 | AN31: 19050 | AO31: 19050 | AP31: 19050 | AQ31: 19050 | AR31: 19050 | CR31: 546600 | CS31: 7
A32: C-00074863 | D32: 注文履歴 | E32: 配送履歴 | F32: 作田圭治 | G32: さくだけいじ | H32: 9042906316 | I32: sakusaku7ks@outlook.jp | J32: https://mdpink.maildealer.jp/wapi.php | L32: 555-0001 | M32: 大阪府 | N32: 大阪市西淀川区佃 | O32: 45782 | Q32: res_youtube_mrk | R32: 45447 | S32: 銀振会員（更新要ｶｸﾆﾝ）6ヶ月 | T32: 45828 | U32: 114300 | Z32: =+U32 -> 114300 | AM32: 19050 | AN32: 19050 | AO32: 19050 | AP32: 19050 | AQ32: 19050 | AR32: 19050 | CR32: 546600 | CS32: 2
A33: C-00074859 | D33: 注文履歴 | E33: 配送履歴 | F33: 黒田真道 | G33: くろだまさみち | H33: 8075088042 | I33: shindou19900120@yahoo.co.jp | J33: https://mdpink.maildealer.jp/wapi.php | L33: 093-0033 | M33: 北海道 | N33: 網走市駒場北 | O33: 37989 | Q33: res_youtube_mrk | R33: 45447 | S33: 6ヶ月会員（ライト・クレカ自動更新） | T33: 45828 | U33: 114300 | Z33: =+U33 -> 114300 | AM33: 19050 | AN33: 19050 | AO33: 19050 | AP33: 19050 | AQ33: 19050 | AR33: 19050 | CR33: 546600 | CS33: 7
A34: C-00074855 | D34: 注文履歴 | E34: 配送履歴 | F34: 大野木俊介 | G34: おおのきしゅんすけ | H34: 9054587245 | I34: shunsukeonoki@gmail.com | J34: https://mdpink.maildealer.jp/wapi.php | L34: 430-0929 | M34: 静岡県 | N34: 浜松市中央区木戸町 | O34: 45876 | Q34: res_youtube_mrk | R34: 45447 | S34: 6ヶ月会員（ライト・クレカ自動更新） | T34: 45828 | U34: 114300 | Z34: =+U34 -> 114300 | AM34: 19050 | AN34: 19050 | AO34: 19050 | AP34: 19050 | AQ34: 19050 | AR34: 19050 | CR34: 664300 | CS34: 2
A35: C-00074854 | D35: 注文履歴 | E35: 配送履歴 | F35: 藤井成行 | G35: ふじいなりゆき | H35: 9079925252 | I35: nariyvki@gmail.com | J35: https://mdpink.maildealer.jp/wapi.php | L35: 565-0804 | M35: 大阪府 | N35: 吹田市新芦屋上 | O35: 13-8-602 | Q35: res_youtube_mrk | R35: 45447 | S35: 6ヶ月会員（ライト・クレカ自動更新） | T35: 45828 | U35: 114300 | Z35: =+U35 -> 114300 | AM35: 19050 | AN35: 19050 | AO35: 19050 | AP35: 19050 | AQ35: 19050 | AR35: 19050 | CR35: 664300 | CS35: 2
A36: C-00074851 | D36: 注文履歴 | E36: 配送履歴 | F36: 浅田貴大 | G36: あさだたかひろ | H36: 8050868922 | I36: takahiro_a_3_9@hotmail.com | J36: https://mdpink.maildealer.jp/wapi.php | L36: 260-0002 | M36: 千葉県 | N36: 千葉市中央区旭町 | O36: 45870 | Q36: res_youtube_mrk | R36: 45447 | S36: 6ヶ月会員（ライト・クレカ自動更新） | T36: 45828 | U36: 114300 | Z36: =+U36 -> 114300 | AM36: 19050 | AN36: 19050 | AO36: 19050 | AP36: 19050 | AQ36: 19050 | AR36: 19050 | CR36: 546600 | CS36: 2
A37: C-00074843 | D37: 注文履歴 | E37: 配送履歴 | F37: 津田祐一 | G37: つだゆういち | H37: 9014767965 | I37: sin.g0jig0ji@gmail.com | J37: https://mdpink.maildealer.jp/wapi.php | L37: 732-0065 | M37: 広島県 | N37: 広島市東区牛田中 | O37: 37388 | Q37: res_youtube_mrk | R37: 45447 | S37: 6ヶ月会員（ライト・クレカ自動更新） | T37: 45828 | U37: 114300 | Z37: =+U37 -> 114300 | AM37: 19050 | AN37: 19050 | AO37: 19050 | AP37: 19050 | AQ37: 19050 | AR37: 19050 | CR37: 664300 | CS37: 2
A38: C-00074842 | D38: 注文履歴 | E38: 配送履歴 | F38: 上野裕之 | G38: うえのひろゆき | H38: 9074217982 | I38: vw.16890827@gmail.com | J38: https://mdpink.maildealer.jp/wapi.php | L38: 321-4364 | M38: 栃木県 | N38: 真岡市 | O38: 長田 1-10-6 | Q38: res_youtube_mrk | R38: 45446 | S38: 6ヶ月会員（ライト・クレカ自動更新） | T38: 45828 | U38: 114300 | Z38: =+U38 -> 114300 | AM38: 19050 | AN38: 19050 | AO38: 19050 | AP38: 19050 | AQ38: 19050 | AR38: 19050 | CR38: 546600 | CS38: 7
A39: C-00074841 | D39: 注文履歴 | E39: 配送履歴 | F39: 南出基志 | G39: みなみでもとし | H39: 7084048033 | I39: rumraisin422@gmail.com | J39: https://mdpink.maildealer.jp/wapi.php | L39: 640-8358 | M39: 和歌山県 | N39: 和歌山市 | O39: 北ノ新地下六軒丁12 | Q39: res_youtube_mrk | R39: 45446 | S39: 6ヶ月会員（ライト・クレカ自動更新） | T39: 45828 | U39: 114300 | Z39: =+U39 -> 114300 | AM39: 19050 | AN39: 19050 | AO39: 19050 | AP39: 19050 | AQ39: 19050 | AR39: 19050 | CR39: 546600 | CS39: 2
A40: C-00074838 | D40: 注文履歴 | E40: 配送履歴 | F40: 渋谷昇 | G40: しぶやのぼる | H40: 8034559878 | I40: supi2016nz@yahoo.co.jp | J40: https://mdpink.maildealer.jp/wapi.php | L40: 353-0007 | M40: 埼玉県 | N40: 志木市柏町 | O40: 38852 | Q40: res_youtube_mrk | R40: 45446 | S40: 6ヶ月会員（ライト・クレカ自動更新） | T40: 45828 | U40: 114300 | Z40: =+U40 -> 114300 | AM40: 19050 | AN40: 19050 | AO40: 19050 | AP40: 19050 | AQ40: 19050 | AR40: 19050 | CR40: 546600 | CS40: 2
A41: C-00074831 | D41: 注文履歴 | E41: 配送履歴 | F41: 北原悟史 | G41: きたはらさとし | H41: 9062460768 | I41: kita1976.com@gmail.com | J41: https://mdpink.maildealer.jp/wapi.php | L41: 567-0897 | M41: 大阪府 | N41: 茨木市主原町 | O41: 45955 | Q41: res_youtube_mrk | R41: 45446 | S41: 6ヶ月会員（ライト・クレカ自動更新） | T41: 45828 | U41: 114300 | Z41: =+U41 -> 114300 | AM41: 19050 | AN41: 19050 | AO41: 19050 | AP41: 19050 | AQ41: 19050 | AR41: 19050 | CR41: 546600 | CS41: 2
A42: C-00074830 | D42: 注文履歴 | E42: 配送履歴 | F42: 西木教子 | G42: にしききょうこ | H42: 9068266658 | I42: ririmaru.0406@gmail.com | J42: https://mdpink.maildealer.jp/wapi.php | L42: 589-0023 | M42: 大阪府 | N42: 大阪狭山市 | O42: 大野台4丁目23-14 | Q42: res_youtube_mrk | R42: 45446 | S42: 6ヶ月会員（ライト・クレカ自動更新） | T42: 45828 | U42: 114300 | Z42: =+U42 -> 114300 | AM42: 19050 | AN42: 19050 | AO42: 19050 | AP42: 19050 | AQ42: 19050 | AR42: 19050 | CR42: 546600 | CS42: 4
A43: C-00074824 | D43: 注文履歴 | E43: 配送履歴 | F43: 北村憲一 | G43: きたむらけんいち | H43: 9014831925 | I43: kk2010@zeus.eonet.ne.jp | J43: https://mdpink.maildealer.jp/wapi.php | L43: 635 | M43: 奈良県 | N43: 高市郡高取町 | O43: 薩摩527 | Q43: res_youtube_mrk | R43: 45446 | S43: 6ヶ月会員（ライト・クレカ自動更新） | T43: 45828 | U43: 114300 | Z43: =+U43 -> 114300 | AM43: 19050 | AN43: 19050 | AO43: 19050 | AP43: 19050 | AQ43: 19050 | AR43: 19050 | CR43: 546600 | CS43: 2
A44: C-00074823 | D44: 注文履歴 | E44: 配送履歴 | F44: 竹上晴佳 | G44: たけがみはるか | H44: 8069210951 | I44: sound.on.328@gmail.com | J44: https://mdpink.maildealer.jp/wapi.php | L44: 431-1415 | M44: 静岡県 | N44: 浜松市浜名区三ヶ日町岡本 | O44: 1819 | Q44: res_youtube_mrk | R44: 45446 | S44: 6ヶ月会員（ライト・クレカ自動更新） | T44: 45828 | U44: 114300 | Z44: =+U44 -> 114300 | AM44: 19050 | AN44: 19050 | AO44: 19050 | AP44: 19050 | AQ44: 19050 | AR44: 19050 | CR44: 546600 | CS44: 2
A45: C-00074816 | D45: 注文履歴 | E45: 配送履歴 | F45: 田中勲 | G45: たなかいさお | H45: 9021108147 | I45: tanaka140.85@gmail.com | J45: https://mdpink.maildealer.jp/wapi.php | L45: 520-0846 | M45: 滋賀県 | N45: 大津市 | O45: 富士見台52-16 | Q45: res_youtube_mrk | R45: 45446 | S45: 6ヶ月会員（ライト・クレカ自動更新） | T45: 45828 | U45: 114300 | Z45: =+U45 -> 114300 | AM45: 19050 | AN45: 19050 | AO45: 19050 | AP45: 19050 | AQ45: 19050 | AR45: 19050 | CR45: 546600 | CS45: 2
A46: C-00074814 | D46: 注文履歴 | E46: 配送履歴 | F46: 飯田雄司 | G46: いいだゆうじ | H46: 9093205336 | I46: yujis39omy@gmail.com | J46: https://mdpink.maildealer.jp/wapi.php | L46: 330-0802 | M46: 埼玉県 | N46: さいたま市大宮区 | O46: 宮町1-17 | Q46: jim_opt | R46: 45446 | S46: 6ヶ月会員（ライト・クレカ自動更新） | T46: 45828 | U46: 114300 | Z46: =+U46 -> 114300 | AM46: 19050 | AN46: 19050 | AO46: 19050 | AP46: 19050 | AQ46: 19050 | AR46: 19050 | CR46: 546600 | CS46: 4
A47: C-00074811 | D47: 注文履歴 | E47: 配送履歴 | F47: 柳澤里実 | G47: やなぎさわさとみ | H47: 9016908348 | I47: sawasiganay@gmail.com | J47: https://mdpink.maildealer.jp/wapi.php | L47: 389-1200 | M47: 長野県 | N47: 飯綱町 | O47: 1127 | Q47: res_youtube_mrk | R47: 45446 | S47: 6ヶ月会員（ライト・クレカ自動更新） | T47: 45828 | U47: 114300 | Z47: =+U47 -> 114300 | AM47: 19050 | AN47: 19050 | AO47: 19050 | AP47: 19050 | AQ47: 19050 | AR47: 19050 | CR47: 546600 | CS47: 2
A48: C-00074810 | D48: 注文履歴 | E48: 配送履歴 | F48: 酒井康輔 | G48: さかいこうすけ | H48: 9050441439 | I48: skoosuke5@yahoo.co.jp | J48: https://mdpink.maildealer.jp/wapi.php | L48: 611-0002 | M48: 京都府 | N48: 宇治市木幡平尾 | O48: 27211 | Q48: res_youtube_mrk | R48: 45446 | S48: 6ヶ月会員（ライト・クレカ自動更新） | T48: 45828 | U48: 114300 | Z48: =+U48 -> 114300 | AM48: 19050 | AN48: 19050 | AO48: 19050 | AP48: 19050 | AQ48: 19050 | AR48: 19050 | CR48: 546600 | CS48: 7
A49: C-00074806 | D49: 注文履歴 | E49: 配送履歴 | F49: 馬上尚樹 | G49: まがみなおき | H49: 7076696865 | I49: magami.naoki@takenaka.cn | J49: https://mdpink.maildealer.jp/wapi.php | L49: 125-0063 | M49: 東京都 | N49: 葛飾区白鳥 | O49: 37203 | Q49: res_youtube_mrk | R49: 45446 | S49: 3ヶ月会員（ライト・クレカ自動更新） | T49: 45736 | U49: 59400 | W49: =+U49 -> 59400 | AJ49: 19800 | AK49: 19800 | AL49: 19800 | CR49: 491700 | CS49: 2
A50: C-00074803 | D50: 注文履歴 | E50: 配送履歴 | F50: 上村千賀子 | G50: うえむらちかこ | H50: 9029206734 | I50: purple_yellow007-shop10@yahoo.co.jp | J50: https://mdpink.maildealer.jp/wapi.php | L50: 465-0032 | M50: 愛知県 | N50: 名古屋市名東区藤が丘 | O50: 162藤ヶ丘市街地5-502 | Q50: res_youtube_mrk | R50: 45446 | S50: 6ヶ月会員（ライト・クレカ自動更新） | T50: 45828 | U50: 114300 | Z50: =+U50 -> 114300 | AM50: 19050 | AN50: 19050 | AO50: 19050 | AP50: 19050 | AQ50: 19050 | AR50: 19050 | CR50: 546600 | CS50: 2
A51: C-00074801 | D51: 注文履歴 | E51: 配送履歴 | F51: 加藤克昭 | G51: かとうかつあき | H51: 9066128410 | I51: necc1234-ver1@yahoo.co.jp | J51: https://mdpink.maildealer.jp/wapi.php | L51: 418-0065 | M51: 静岡県 | N51: 富士宮市中央町 | O51: 4-15 アクシスコート富士宮302 | Q51: res_youtube_mrk | R51: 45446 | S51: 6ヶ月会員（ライト・クレカ自動更新） | T51: 45828 | U51: 114300 | Z51: =+U51 -> 114300 | AM51: 19050 | AN51: 19050 | AO51: 19050 | AP51: 19050 | AQ51: 19050 | AR51: 19050 | CR51: 546600 | CS51: 2
A52: C-00074800 | D52: 注文履歴 | E52: 配送履歴 | F52: 俵慎一 | G52: たわらしんいち | H52: 9017477244 | I52: tawaras@mug.biglobe.ne.jp | J52: https://mdpink.maildealer.jp/wapi.php | L52: 101-0041 | M52: 東京都 | N52: 千代田区神田須田町 | O52: 2-19-7メイクスデザイン秋葉原404 | Q52: res_youtube_mrk | R52: 45446 | S52: 6ヶ月会員（ライト・クレカ自動更新） | T52: 45828 | U52: 114300 | Z52: =+U52 -> 114300 | AM52: 19050 | AN52: 19050 | AO52: 19050 | AP52: 19050 | AQ52: 19050 | AR52: 19050 | CR52: 546600 | CS52: 2
A53: C-00074793 | D53: 注文履歴 | E53: 配送履歴 | F53: 木村典子 | G53: きむらのりこ | H53: 8052952421 | I53: noriko47kimura@gmail.com | J53: https://mdpink.maildealer.jp/wapi.php | L53: 470-0117 | M53: 愛知県 | N53: 日進市藤塚 | O53: 3丁目92番地 | Q53: res_youtube_mrk | R53: 45446 | S53: 6ヶ月会員（ライト・クレカ自動更新） | T53: 45828 | U53: 114300 | Z53: =+U53 -> 114300 | AM53: 19050 | AN53: 19050 | AO53: 19050 | AP53: 19050 | AQ53: 19050 | AR53: 19050 | CR53: 546600 | CS53: 2
A54: C-00074789 | D54: 注文履歴 | E54: 配送履歴 | F54: 福馬加代 | G54: ふくまかよ | H54: 9061019228 | I54: kikumaru63@gmail.com | J54: https://mdpink.maildealer.jp/wapi.php | L54: 158-0097 | M54: 東京都 | N54: 世田谷区用賀 | O54: 2-25-2-206 | Q54: res_youtube_mrk | R54: 45446 | S54: （退会済）月額ライト | T54: 45702 | CR54: 474240 | CS54: 3
A55: C-00074785 | D55: 注文履歴 | E55: 配送履歴 | F55: 平井友己 | G55: ひらいともき | H55: 9061081805 | I55: tyo.snowball.club@gmail.com | J55: https://mdpink.maildealer.jp/wapi.php | L55: 401-0301 | M55: 山梨県 | N55: 南都留郡富士河口湖町船津 | O55: 7295 コーポサンII 106号室 | Q55: res_youtube_mrk | R55: 45446 | S55: （退会済）月額ライト | T55: 45726 | W55: =+U55 -> 0 | CR55: 613110 | CS55: 9
A56: C-00074782 | D56: 注文履歴 | E56: 配送履歴 | F56: 鈴木秀雄 | G56: すずきひでお | H56: 9021406422 | I56: oak4621@gmail.com | J56: https://mdpink.maildealer.jp/wapi.php | L56: 342-0058 | M56: 埼玉県 | N56: 吉川市きよみ野 | O56: 3-13-30 | Q56: res_youtube_mrk | R56: 45446 | S56: 6ヶ月会員（ライト・クレカ自動更新） | T56: 45828 | U56: 114300 | Z56: =+U56 -> 114300 | AM56: 19050 | AN56: 19050 | AO56: 19050 | AP56: 19050 | AQ56: 19050 | AR56: 19050 | CR56: 546600 | CS56: 2
A57: C-00074777 | D57: 注文履歴 | E57: 配送履歴 | F57: 林健一 | G57: はやしけんいち | H57: 8053732978 | I57: bikinokobuta0921@yahoo.co.jp | J57: https://mdpink.maildealer.jp/wapi.php | L57: 331-0045 | M57: 埼玉県 | N57: さいたま市西区内野本郷 | O57: 315-5 | Q57: res_youtube_mrk | R57: 45446 | S57: 3ヶ月会員（ライト・クレカ自動更新） | T57: 45736 | U57: 59400 | W57: =+U57 -> 59400 | AJ57: 19800 | AK57: 19800 | AL57: 19800 | CR57: 491700 | CS57: 7
A58: C-00074776 | D58: 注文履歴 | E58: 配送履歴 | F58: 福田千浩 | G58: ふくだちひろ | H58: 8037230803 | I58: chihiro_f83@yahoo.co.jp | J58: https://mdpink.maildealer.jp/wapi.php | L58: 182-0005 | M58: 東京都 | N58: 調布市 | O58: 東ツツジヶ丘2-10-3ラ・メール2-102 | Q58: res_youtube_mrk | R58: 45446 | S58: 3ヶ月会員（ライト・クレカ自動更新） | T58: 45736 | U58: 59400 | W58: =+U58 -> 59400 | AJ58: 19800 | AK58: 19800 | AL58: 19800 | CR58: 491700 | CS58: 7
A59: C-00074773 | D59: 注文履歴 | E59: 配送履歴 | F59: 大屋富志光 | G59: おおやとしみつ | H59: 9032941988 | I59: ootoshiya@yahoo.co.jp | J59: https://mdpink.maildealer.jp/wapi.php | L59: 939-1363 | M59: 富山県 | N59: 砺波市太郎丸 | O59: 288-4 フォレストブリエ201 | Q59: res_youtube_mrk | R59: 45446 | S59: 6ヶ月会員（ライト・クレカ自動更新） | T59: 45828 | U59: 114300 | Z59: =+U59 -> 114300 | AM59: 19050 | AN59: 19050 | AO59: 19050 | AP59: 19050 | AQ59: 19050 | AR59: 19050 | CR59: 546600 | CS59: 2
A60: C-00074770 | D60: 注文履歴 | E60: 配送履歴 | F60: 薗田雅樹 | G60: そのだまさき | H60: 9034064288 | I60: sonomasa1113@gmail.com | J60: https://mdpink.maildealer.jp/wapi.php | L60: 103-0003 | M60: 東京都 | N60: 日本橋横山町 | O60: 45907 | Q60: res_youtube_mrk | R60: 45446 | S60: 6ヶ月会員（ライト・クレカ自動更新） | T60: 45828 | U60: 114300 | Z60: =+U60 -> 114300 | AM60: 19050 | AN60: 19050 | AO60: 19050 | AP60: 19050 | AQ60: 19050 | AR60: 19050 | CR60: 546600 | CS60: 2
A61: C-00074768 | D61: 注文履歴 | E61: 配送履歴 | F61: 日下部博紀 | G61: くさかべひろき | H61: 9078732879 | I61: fam.hirokikusakabe@gmail.com | J61: https://mdpink.maildealer.jp/wapi.php | L61: 542-0073 | M61: 大阪府 | N61: 大阪市中央区日本橋 | O61: 2丁目1番34号 | Q61: res_youtube_mrk | R61: 45445 | S61: 6ヶ月会員（ライト・クレカ自動更新） | T61: 45828 | U61: 114300 | Z61: =+U61 -> 114300 | AM61: 19050 | AN61: 19050 | AO61: 19050 | AP61: 19050 | AQ61: 19050 | AR61: 19050 | CR61: 432300 | CS61: 1
A62: C-00074766 | D62: 注文履歴 | E62: 配送履歴 | F62: 清水勉 | G62: しみずつとむ | H62: 9061751684 | I62: shimizu.cleartrade@gmail.com | J62: https://mdpink.maildealer.jp/wapi.php | L62: 335-0004 | M62: 埼玉県 | N62: 蕨市中央 | O62: 3-19-20ライオンズプラザ蕨シティー1205 | Q62: res_youtube_mrk | R62: 45445 | S62: 6ヶ月会員（ライト・クレカ自動更新） | T62: 45828 | U62: 114300 | Z62: =+U62 -> 114300 | AM62: 19050 | AN62: 19050 | AO62: 19050 | AP62: 19050 | AQ62: 19050 | AR62: 19050 | CR62: 546600 | CS62: 4
A63: C-00074765 | D63: 注文履歴 | E63: 配送履歴 | F63: 計良健太 | G63: けらけんた | H63: 9014625892 | I63: health_beauty_cool_wing@yahoo.co.jp | J63: https://mdpink.maildealer.jp/wapi.php | L63: 357-0033 | M63: 埼玉県 | N63: 飯能市八幡町 | O63: 45569 | Q63: res_youtube_mrk | R63: 45445 | S63: 6ヶ月会員（ライト・クレカ自動更新） | T63: 45828 | U63: 114300 | Z63: =+U63 -> 114300 | AM63: 19050 | AN63: 19050 | AO63: 19050 | AP63: 19050 | AQ63: 19050 | AR63: 19050 | CR63: 546600 | CS63: 2
A64: C-00074759 | D64: 注文履歴 | E64: 配送履歴 | F64: 岡本成美 | G64: おかもとなるみ | H64: 9033418711 | I64: okamoto900@hotmail.com | J64: https://mdpink.maildealer.jp/wapi.php | L64: 194-0212 | M64: 東京都 | N64: 町田市小山町 | O64: 45739 | Q64: res_youtube_mrk | R64: 45445 | S64: 3ヶ月会員（ライト・クレカ自動更新） | T64: 45736 | U64: 59400 | W64: =+U64 -> 59400 | AJ64: 19800 | AK64: 19800 | AL64: 19800 | CR64: 491700 | CS64: 2
A65: C-00074758 | D65: 注文履歴 | E65: 配送履歴 | F65: 中村昌利 | G65: なかむらまさとし | H65: 9094355114 | I65: masemateka939@gmail.com | J65: https://mdpink.maildealer.jp/wapi.php | L65: 814-0012 | M65: 福岡県 | N65: 福岡市早良区昭代1丁目20－12 | O65: ライオンズマンション祖原公園603号 | Q65: res_youtube_mrk | R65: 45445 | S65: 3ヶ月会員（ライト・クレカ自動更新） | T65: 45736 | U65: 59400 | W65: =+U65 -> 59400 | AJ65: 19800 | AK65: 19800 | AL65: 19800 | CR65: 491700 | CS65: 7
A66: C-00074757 | D66: 注文履歴 | E66: 配送履歴 | F66: 高橋昇 | G66: たかはしのぼる | H66: 9026603597 | I66: noboru-takahashi@ezweb.ne.jp | J66: https://mdpink.maildealer.jp/wapi.php | L66: 060-0034 | M66: 北海道 | N66: 札幌市中央区北四条東二丁目 | O66: 1-10ティーダ北四条1406号室 | Q66: res | R66: 45445 | S66: 6ヶ月会員（ライト・クレカ自動更新） | T66: 45828 | U66: 114300 | Z66: =+U66 -> 114300 | AM66: 19050 | AN66: 19050 | AO66: 19050 | AP66: 19050 | AQ66: 19050 | AR66: 19050 | CR66: 546600 | CS66: 2
A67: C-00074755 | D67: 注文履歴 | E67: 配送履歴 | F67: 平野信一 | G67: ひらのしんいち | H67: 8033016314 | I67: hirano4141@gmail.com | J67: https://mdpink.maildealer.jp/wapi.php | L67: 145-0065 | M67: 東京都 | N67: 大田区 | O67: 東雪谷2-2-4-202 | Q67: res_youtube_mrk | R67: 45445 | S67: 6ヶ月会員（ライト・クレカ自動更新） | T67: 45828 | U67: 114300 | Z67: =+U67 -> 114300 | AM67: 19050 | AN67: 19050 | AO67: 19050 | AP67: 19050 | AQ67: 19050 | AR67: 19050 | CR67: 432300 | CS67: 1
A68: C-00074751 | D68: 注文履歴 | E68: 配送履歴 | F68: 田村剛 | G68: たむらごう | H68: 8012173683 | I68: investmentfrom40@gmail.com | J68: https://mdpink.maildealer.jp/wapi.php | L68: 173-0026 | M68: 東京都 | N68: 板橋区中丸町 | O68: 16011 | Q68: res_youtube_mrk | R68: 45445 | S68: 6ヶ月会員（ライト・クレカ自動更新） | T68: 45828 | U68: 114300 | Z68: =+U68 -> 114300 | AM68: 19050 | AN68: 19050 | AO68: 19050 | AP68: 19050 | AQ68: 19050 | AR68: 19050 | CR68: 546600 | CS68: 2
A69: C-00074750 | D69: 注文履歴 | E69: 配送履歴 | F69: 恵本和佳子 | G69: えもとわかこ | H69: 9097300508 | I69: istan8@gmail.com | J69: https://mdpink.maildealer.jp/wapi.php | L69: 751-0804 | M69: 山口県 | N69: 山口県下関市楠乃4丁目 | O69: 4-14 サンリットヒル4-201 | Q69: res_youtube_mrk | R69: 45445 | S69: 3ヶ月会員（ライト・クレカ自動更新） | T69: 45736 | U69: 59400 | W69: =+U69 -> 59400 | AJ69: 19800 | AK69: 19800 | AL69: 19800 | CR69: 491700 | CS69: 4
A70: C-00074749 | D70: 注文履歴 | E70: 配送履歴 | F70: 中村沙也子 | G70: なかむらさやこ | H70: 8031134750 | I70: sayakoa24@yahoo.co.jp | J70: https://mdpink.maildealer.jp/wapi.php | L70: 424-0841 | M70: 静岡県 | N70: 静岡市清水区 | O70: 4-2286-1Kハイム追分108 | Q70: res_youtube_mrk | R70: 45445 | S70: 3ヶ月会員（ライト・クレカ自動更新） | T70: 45736 | U70: 59400 | W70: =+U70 -> 59400 | AJ70: 19800 | AK70: 19800 | AL70: 19800 | CR70: 491700 | CS70: 7
A71: C-00074748 | D71: 注文履歴 | E71: 配送履歴 | F71: 浅野秀文 | G71: あさのひでふみ | H71: 9023487116 | I71: asanohide@me.com | J71: https://mdpink.maildealer.jp/wapi.php | L71: 456-0062 | M71: 愛知県 | N71: 名古屋市熱田区大宝一丁目 | O71: 4番16号 | Q71: res_youtube_mrk | R71: 45445 | S71: 3ヶ月会員（ライト・クレカ自動更新） | T71: 45736 | U71: 59400 | W71: =+U71 -> 59400 | AJ71: 19800 | AK71: 19800 | AL71: 19800 | CR71: 491700 | CS71: 3
A72: C-00074746 | D72: 注文履歴 | E72: 配送履歴 | F72: 溝呂木ゆみ子 | G72: みぞろぎゆみこ | H72: 8054103450 | I72: mizorogimimi@gmail.com | J72: https://mdpink.maildealer.jp/wapi.php | L72: 272-0035 | M72: 千葉県 | N72: 市川市新田 | O72: 5-4-20-5B | Q72: res_youtube_mrk | R72: 45445 | S72: 3ヶ月会員（ライト・クレカ自動更新） | T72: 45736 | U72: 59400 | W72: =+U72 -> 59400 | AJ72: 19800 | AK72: 19800 | AL72: 19800 | CR72: 432300 | CS72: 2
A73: C-00074745 | D73: 注文履歴 | E73: 配送履歴 | F73: 野村和史 | G73: のむらかずふみ | H73: 9085251883 | I73: kazuuka920@kdt.biglobe.ne.jp | J73: https://mdpink.maildealer.jp/wapi.php | L73: 547-0032 | M73: 大阪府 | N73: 大阪市平野区流町1-1-5 | O73: コーポラス平野4-C | Q73: res_youtube_mrk | R73: 45445 | S73: 6ヶ月会員（ライト・クレカ自動更新） | T73: 45828 | U73: 114300 | Z73: =+U73 -> 114300 | AM73: 19050 | AN73: 19050 | AO73: 19050 | AP73: 19050 | AQ73: 19050 | AR73: 19050 | CR73: 546600 | CS73: 2
A74: C-00074743 | D74: 注文履歴 | E74: 配送履歴 | F74: 光山精一 | G74: みつやませいいち | H74: 9037171807 | I74: hikari82172@gmail.com | J74: https://mdpink.maildealer.jp/wapi.php | L74: 669-2323 | M74: 兵庫県 | N74: 丹波篠山市 | O74: 立町37 | Q74: res_youtube_mrk | R74: 45445 | S74: 6ヶ月会員（ライト・クレカ自動更新） | T74: 45828 | U74: 114300 | Z74: =+U74 -> 114300 | AM74: 19050 | AN74: 19050 | AO74: 19050 | AP74: 19050 | AQ74: 19050 | AR74: 19050 | CR74: 546600 | CS74: 2
A75: C-00074742 | D75: 注文履歴 | E75: 配送履歴 | F75: 五島大輔 | G75: ごとうだいすけ | H75: 9061386851 | I75: bruno1002@outlook.jp | J75: https://mdpink.maildealer.jp/wapi.php | L75: 170-0004 | M75: 東京都 | N75: 豊島区北大塚 | O75: 2-19-4アメニティーヒル大塚1102 | Q75: res_youtube_mrk | R75: 45445 | S75: 6ヶ月会員（ライト・クレカ自動更新） | T75: 45828 | U75: 114300 | Z75: =+U75 -> 114300 | AM75: 19050 | AN75: 19050 | AO75: 19050 | AP75: 19050 | AQ75: 19050 | AR75: 19050 | CR75: 546600 | CS75: 2
A76: C-00074738 | D76: 注文履歴 | E76: 配送履歴 | F76: 内山友浩 | G76: うちやまともひろ | H76: 9031102034 | I76: teamcrystal@yahoo.co.jp | J76: https://mdpink.maildealer.jp/wapi.php | L76: 65 | M76: 北海道 | N76: 札幌市東区北26条東1丁目 | O76: 45719 | Q76: res_youtube_mrk | R76: 45445 | S76: 6ヶ月会員（ライト・クレカ自動更新） | T76: 45828 | U76: 114300 | Z76: =+U76 -> 114300 | AM76: 19050 | AN76: 19050 | AO76: 19050 | AP76: 19050 | AQ76: 19050 | AR76: 19050 | CR76: 546600 | CS76: 2
A77: C-00074737 | D77: 注文履歴 | E77: 配送履歴 | F77: 小島日高 | G77: こじまひだか | H77: 9040572506 | I77: nidasky.sol8@gmail.com | J77: https://mdpink.maildealer.jp/wapi.php | L77: 225-0011 | M77: 神奈川県 | N77: 横浜市青葉区あざみ野 | O77: 3-11-76 | Q77: res_youtube_mrk | R77: 45445 | S77: 6ヶ月会員（ライト・クレカ自動更新） | T77: 45828 | U77: 114300 | Z77: =+U77 -> 114300 | AM77: 19050 | AN77: 19050 | AO77: 19050 | AP77: 19050 | AQ77: 19050 | AR77: 19050 | CR77: 546600 | CS77: 7
A78: C-00074736 | D78: 注文履歴 | E78: 配送履歴 | F78: 西村洋一 | G78: にしむらよういち | H78: 9097458625 | I78: nyoichi_2468@yahoo.co.jp | J78: https://mdpink.maildealer.jp/wapi.php | L78: 960-8254 | M78: 福島県 | N78: 福島市南沢又字北川原 | O78: 19-20 | Q78: res_youtube_mrk | R78: 45445 | S78: 6ヶ月会員（ライト・クレカ自動更新） | T78: 45828 | U78: 114300 | Z78: =+U78 -> 114300 | AM78: 19050 | AN78: 19050 | AO78: 19050 | AP78: 19050 | AQ78: 19050 | AR78: 19050 | CR78: 546600 | CS78: 3
A79: C-00074731 | D79: 注文履歴 | E79: 配送履歴 | F79: 戸塚尚 | G79: とづかたかし | H79: 9010413863 | I79: takashi_tozuka@hotmail.com | J79: https://mdpink.maildealer.jp/wapi.php | L79: 377-0007 | M79: 群馬県 | N79: 渋川市 | O79: 石原28番地1 | Q79: res_youtube_mrk | R79: 45445 | S79: 6ヶ月会員（ライト・クレカ自動更新） | T79: 45828 | U79: 114300 | Z79: =+U79 -> 114300 | AM79: 19050 | AN79: 19050 | AO79: 19050 | AP79: 19050 | AQ79: 19050 | AR79: 19050 | CR79: 546600 | CS79: 2
A80: C-00074723 | D80: 注文履歴 | E80: 配送履歴 | F80: 東稔行 | G80: ひがしとしゆき | H80: 9033445306 | I80: ryugukaihatsu@gmail.com | J80: https://mdpink.maildealer.jp/wapi.php | L80: 957-0054 | M80: 新潟県 | N80: 新発田市 | O80: 本町4-14-30 | Q80: res_youtube_mrk | R80: 45445 | S80: 銀振会員（更新要ｶｸﾆﾝ）6ヶ月 | T80: 45828 | U80: 114300 | Z80: =+U80 -> 114300 | AM80: 19050 | AN80: 19050 | AO80: 19050 | AP80: 19050 | AQ80: 19050 | AR80: 19050 | CR80: 546600 | CS80: 2
A81: C-00074721 | D81: 注文履歴 | E81: 配送履歴 | F81: 小野嘉洋 | G81: おのよしひろ | H81: 8050634694 | I81: onokayou@yahoo.co.jp | J81: https://mdpink.maildealer.jp/wapi.php | L81: 321-3226 | M81: 栃木県 | N81: 宇都宮市ゆいの杜 | O81: 6-21-11 | Q81: res_youtube_mrk | R81: 45445 | S81: 銀振会員（更新要ｶｸﾆﾝ）6ヶ月 | T81: 45828 | U81: 114300 | Z81: =+U81 -> 114300 | AM81: 19050 | AN81: 19050 | AO81: 19050 | AP81: 19050 | AQ81: 19050 | AR81: 19050 | CR81: 546600 | CS81: 2
A82: C-00074720 | D82: 注文履歴 | E82: 配送履歴 | F82: 藤江忠 | G82: ふじえただし | H82: 9030486899 | I82: chuuz123daa@gmail.com | J82: https://mdpink.maildealer.jp/wapi.php | L82: 134-0091 | M82: 東京都 | N82: 江戸川区船堀 | O82: 1-8-22-908 | Q82: res_youtube_mrk | R82: 45445 | S82: 6ヶ月会員（ライト・クレカ自動更新） | T82: 45828 | U82: 114300 | Z82: =+U82 -> 114300 | AM82: 19050 | AN82: 19050 | AO82: 19050 | AP82: 19050 | AQ82: 19050 | AR82: 19050 | CR82: 546600 | CS82: 2
A83: C-00074718 | D83: 注文履歴 | E83: 配送履歴 | F83: 野々村真悟 | G83: ののむらしんご | H83: 9016642250 | I83: nono4n5@gmail.com | J83: https://mdpink.maildealer.jp/wapi.php | L83: 063-0830 | M83: 北海道 | N83: 札幌市西区 | O83: 発寒十条11-1-45ソレイユ発寒608 | Q83: jim_opt | R83: 45445 | S83: 3ヶ月会員（ライト・クレカ自動更新） | T83: 45736 | U83: 59400 | W83: =+U83 -> 59400 | AJ83: 19800 | AK83: 19800 | AL83: 19800 | CR83: 491700 | CS83: 2
A84: C-00074709 | D84: 注文履歴 | E84: 配送履歴 | F84: 升本晶子 | G84: ますもとあきこ | H84: 8010743229 | I84: akomasumoto@gmail.com | J84: https://mdpink.maildealer.jp/wapi.php | L84: 150-0012 | M84: 東京都 | N84: 渋谷区広尾 | O84: 4-1-11-402 | Q84: res_youtube_mrk | R84: 45445 | S84: 6ヶ月会員（ライト・クレカ自動更新） | T84: 45828 | U84: 114300 | Z84: =+U84 -> 114300 | AM84: 19050 | AN84: 19050 | AO84: 19050 | AP84: 19050 | AQ84: 19050 | AR84: 19050 | CR84: 546600 | CS84: 2
A85: C-00074696 | D85: 注文履歴 | E85: 配送履歴 | F85: 下山浩一 | G85: しもやまこういち | H85: 8010689551 | I85: ks1964326@docomo.ne.jp | J85: https://mdpink.maildealer.jp/wapi.php | L85: 370-2603 | M85: 群馬県 | N85: 甘楽郡下仁田町馬山 | O85: 35065 | Q85: res_youtube_mrk | R85: 45445 | S85: 6ヶ月会員（ライト・クレカ自動更新） | T85: 45828 | U85: 114300 | Z85: =+U85 -> 114300 | AM85: 19050 | AN85: 19050 | AO85: 19050 | AP85: 19050 | AQ85: 19050 | AR85: 19050 | CR85: 546600 | CS85: 2
A86: C-00074695 | D86: 注文履歴 | E86: 配送履歴 | F86: 青木精一朗 | G86: あおきせいいちろう | H86: 9012931517 | I86: dorasa1515@gmail.com | J86: https://mdpink.maildealer.jp/wapi.php | L86: 471-0026 | M86: 愛知県 | N86: 豊田市若宮町 | O86: 4-16-2 | Q86: res_youtube_mrk | R86: 45445 | S86: 6ヶ月会員（ライト・クレカ自動更新） | T86: 45828 | U86: 114300 | Z86: =+U86 -> 114300 | AM86: 19050 | AN86: 19050 | AO86: 19050 | AP86: 19050 | AQ86: 19050 | AR86: 19050 | CR86: 546600 | CS86: 4
A87: C-00074686 | D87: 注文履歴 | E87: 配送履歴 | F87: 蔵田文男 | G87: くらたふみお | H87: 8054592303 | I87: fumio.kurata@gmail.com | J87: https://mdpink.maildealer.jp/wapi.php | L87: 154-0015 | M87: 東京都 | N87: 世田谷区桜新町 | O87: 1ー37ー1 | Q87: res_youtube_mrk | R87: 45445 | S87: 6ヶ月会員（ライト・クレカ自動更新） | T87: 45828 | U87: 114300 | Z87: =+U87 -> 114300 | AM87: 19050 | AN87: 19050 | AO87: 19050 | AP87: 19050 | AQ87: 19050 | AR87: 19050 | CR87: 664300 | CS87: 2
A88: C-00074682 | D88: 注文履歴 | E88: 配送履歴 | F88: 郷義幸 | G88: ごうよしゆき | H88: 9094274863 | I88: asakki.rurutyi.800@gmail.com | J88: https://mdpink.maildealer.jp/wapi.php | L88: 950-0901 | M88: 新潟県 | N88: 新潟市中央区弁天 | O88: 1-1-26-607 | Q88: res_youtube_mrk | R88: 45445 | S88: 6ヶ月会員（ライト・クレカ自動更新） | T88: 45828 | U88: 114300 | Z88: =+U88 -> 114300 | AM88: 19050 | AN88: 19050 | AO88: 19050 | AP88: 19050 | AQ88: 19050 | AR88: 19050 | CR88: 546600 | CS88: 2
A89: C-00074679 | D89: 注文履歴 | E89: 配送履歴 | F89: 萩原宏紀 | G89: はぎわらひろのり | H89: 9012383082 | I89: hiroki.hagiwara6@gmail.com | J89: https://mdpink.maildealer.jp/wapi.php | L89: 425-0074 | M89: 静岡県 | N89: 焼津市柳新屋 | O89: 174 | Q89: res_youtube_mrk | R89: 45445 | S89: 6ヶ月会員（ライト・クレカ自動更新） | T89: 45828 | U89: 114300 | Z89: =+U89 -> 114300 | AM89: 19050 | AN89: 19050 | AO89: 19050 | AP89: 19050 | AQ89: 19050 | AR89: 19050 | CR89: 546600 | CS89: 7
A90: C-00074658 | D90: 注文履歴 | E90: 配送履歴 | F90: 藤田正 | G90: ふじたただし | H90: 9072700137 | I90: tf09072700137@docomo.ne.jp | J90: https://mdpink.maildealer.jp/wapi.php | L90: 350-0817 | M90: 埼玉県 | N90: 川越市上戸しんまち | O90: 45714 | Q90: res_youtube_mrk | R90: 45444 | S90: 銀振会員（更新要ｶｸﾆﾝ）6ヶ月 | T90: 45828 | U90: 114300 | Z90: =+U90 -> 114300 | AM90: 19050 | AN90: 19050 | AO90: 19050 | AP90: 19050 | AQ90: 19050 | AR90: 19050 | CR90: 546600 | CS90: 2
A91: C-00074650 | D91: 注文履歴 | E91: 配送履歴 | F91: 林朋彦 | G91: はやしともひこ | H91: 9052123985 | I91: submarine507@gmail.com | J91: https://mdpink.maildealer.jp/wapi.php | L91: 155-0032 | M91: 東京都 | N91: 世田谷区代沢3丁目 | O91: 19-10 Daizawa Hills 102 | Q91: res_youtube_mrk | R91: 45444 | S91: 6ヶ月会員（ライト・クレカ自動更新） | T91: 45828 | U91: 114300 | Z91: =+U91 -> 114300 | AM91: 19050 | AN91: 19050 | AO91: 19050 | AP91: 19050 | AQ91: 19050 | AR91: 19050 | CR91: 546600 | CS91: 2
A92: C-00074647 | D92: 注文履歴 | E92: 配送履歴 | F92: 笹原真哉 | G92: ささはらしんや | H92: 9018924534 | I92: dec312021@bb.banban.jp | J92: https://mdpink.maildealer.jp/wapi.php | L92: 675-0024 | M92: 兵庫県 | N92: 加古川市尾上町長田 | O92: 173-38 | Q92: res_youtube_mrk | R92: 45444 | S92: 6ヶ月会員（ライト・クレカ自動更新） | T92: 45828 | U92: 114300 | Z92: =+U92 -> 114300 | AM92: 19050 | AN92: 19050 | AO92: 19050 | AP92: 19050 | AQ92: 19050 | AR92: 19050 | CR92: 546600 | CS92: 2
A93: C-00074643 | D93: 注文履歴 | E93: 配送履歴 | F93: 上白木敬好 | G93: かみしらきたかよし | H93: 9090747165 | I93: kohaku.sinjiro@icloud.com | J93: https://mdpink.maildealer.jp/wapi.php | L93: 811-2128 | M93: 福岡県 | N93: 糟屋郡宇美町宇美中央 | O93: 4-12-1カトルシャンブル101 | Q93: res_youtube_mrk | R93: 45444 | S93: 6ヶ月会員（ライト・クレカ自動更新） | T93: 45828 | U93: 114300 | Z93: =+U93 -> 114300 | AM93: 19050 | AN93: 19050 | AO93: 19050 | AP93: 19050 | AQ93: 19050 | AR93: 19050 | CR93: 546600 | CS93: 2
A94: C-00074642 | D94: 注文履歴 | E94: 配送履歴 | F94: 日野直樹 | G94: ひのなおき | H94: 9095563537 | I94: nfr3141@me.pikara.ne.jp | J94: https://mdpink.maildealer.jp/wapi.php | L94: 770-0804 | M94: 徳島県 | N94: 徳島市 | O94: 中吉野町2丁目25-1 | Q94: res_youtube_mrk | R94: 45444 | S94: 6ヶ月会員（ライト・クレカ自動更新） | T94: 45828 | U94: 114300 | Z94: =+U94 -> 114300 | AM94: 19050 | AN94: 19050 | AO94: 19050 | AP94: 19050 | AQ94: 19050 | AR94: 19050 | CR94: 546600 | CS94: 2
A95: C-00074637 | D95: 注文履歴 | E95: 配送履歴 | F95: 安江琴与 | G95: やすえことよ | H95: 9042673580 | I95: koto123sakuya@gmail.com | J95: https://mdpink.maildealer.jp/wapi.php | L95: 498-0012 | M95: 愛知県 | N95: 弥富市五之三町伊三郎 | O95: 31 | Q95: res_youtube_mrk | R95: 45444 | S95: 6ヶ月会員（ライト・クレカ自動更新） | T95: 45828 | U95: 114300 | Z95: =+U95 -> 114300 | AM95: 19050 | AN95: 19050 | AO95: 19050 | AP95: 19050 | AQ95: 19050 | AR95: 19050 | CR95: 546600 | CS95: 7
A96: C-00074635 | D96: 注文履歴 | E96: 配送履歴 | F96: 高山裕成 | G96: たかやまやすなり | H96: 8015075721 | I96: y.p.fantasy@gmail.com | J96: https://mdpink.maildealer.jp/wapi.php | L96: 536-0001 | M96: 大阪府 | N96: 大阪市城東区古市 | O96: 3-17-26 211号室 | Q96: res_youtube_mrk | R96: 45444 | S96: 6ヶ月会員（ライト・クレカ自動更新） | T96: 45828 | U96: 114300 | Z96: =+U96 -> 114300 | AM96: 19050 | AN96: 19050 | AO96: 19050 | AP96: 19050 | AQ96: 19050 | AR96: 19050 | CR96: 546600 | CS96: 2
A97: C-00074630 | D97: 注文履歴 | E97: 配送履歴 | F97: 齋藤弘勝 | G97: さいとうひろかつ | H97: 9086056212 | I97: hirokatsu4312@keb.biglobe.ne.jp | J97: https://mdpink.maildealer.jp/wapi.php | L97: 181-0013 | M97: 東京都 | N97: 三鷹市下連雀３丁目38-1 | O97: アビタシオン三鷹405号室 | Q97: res_youtube_mrk | R97: 45444 | S97: 6ヶ月会員（ライト・クレカ自動更新） | T97: 45828 | U97: 114300 | Z97: =+U97 -> 114300 | AM97: 19050 | AN97: 19050 | AO97: 19050 | AP97: 19050 | AQ97: 19050 | AR97: 19050 | CR97: 546600 | CS97: 2
A98: C-00074629 | D98: 注文履歴 | E98: 配送履歴 | F98: 西崎伸彦 | G98: にしざきのぶひこ | H98: 9049793824 | I98: nishizakinobuhiko@yahoo.co.jp | J98: https://mdpink.maildealer.jp/wapi.php | L98: 108-0074 | M98: 東京都 | N98: 港区高輪 | O98: 2-15-35-402 | Q98: res_youtube_mrk | R98: 45444 | S98: 6ヶ月会員（ライト・クレカ自動更新） | T98: 45828 | U98: 114300 | Z98: =+U98 -> 114300 | AM98: 19050 | AN98: 19050 | AO98: 19050 | AP98: 19050 | AQ98: 19050 | AR98: 19050 | CR98: 546600 | CS98: 2
A99: C-00074625 | D99: 注文履歴 | E99: 配送履歴 | F99: 鈴木庸介 | G99: すずきようすけ | H99: 9065813818 | I99: goshu0626@gmail.com | J99: https://mdpink.maildealer.jp/wapi.php | L99: 112-0004 | M99: 東京都 | N99: 文京区後楽 | O99: 2-19-13-703 | Q99: res_youtube_mrk | R99: 45444 | S99: 6ヶ月会員（ライト・クレカ自動更新） | T99: 45828 | U99: 114300 | Z99: =+U99 -> 114300 | AM99: 19050 | AN99: 19050 | AO99: 19050 | AP99: 19050 | AQ99: 19050 | AR99: 19050 | CR99: 432300 | CS99: 1
A100: C-00074624 | D100: 注文履歴 | E100: 配送履歴 | F100: 平城徹 | G100: ひらぎとおる | H100: 9028313987 | I100: gckpy178@yahoo.co.jp | J100: https://mdpink.maildealer.jp/wapi.php | L100: 914-0056 | M100: 福井県 | N100: 敦賀市 | O100: 津内町3丁目2-31 | Q100: res_youtube_mrk | R100: 45444 | S100: 6ヶ月会員（ライト・クレカ自動更新） | T100: 45828 | U100: 114300 | Z100: =+U100 -> 114300 | AM100: 19050 | AN100: 19050 | AO100: 19050 | AP100: 19050 | AQ100: 19050 | AR100: 19050 | CR100: 546600 | CS100: 2
...

Sheet まとめ継続(分割計上計算)(2月)
B3: 列ラベル
A4: 値 | B4: 3ヶ月会員（ライト・クレカ自動更新） | C4: 6ヶ月会員（ライト・クレカ自動更新） | D4: Apex年間会員（自動更新） | E4: 銀振会員（更新要ｶｸﾆﾝ）3ヶ月 | F4: 銀振会員（更新要ｶｸﾆﾝ）6ヶ月 | G4: 銀振会員（更新要ｶｸﾆﾝ）Apex年間 | H4: 総計
A5: 合計 / 2025年3月 | C5: 38100 | H5: 38100
A6: 合計 / 2025年4月 | B6: 1544400 | C6: 533400 | E6: 178200 | H6: 2256000
A7: 合計 / 2025年5月 | B7: 2019600 | C7: 2990850 | D7: 56610 | E7: 198000 | F7: 76200 | H7: 5341260
A8: 合計 / 2025年6月 | B8: 2059200 | C8: 3162300 | D8: 84915 | E8: 198000 | F8: 76200 | H8: 5580615
A9: 合計 / 2025年7月 | B9: 514800 | C9: 9315450 | D9: 84915 | E9: 19800 | F9: 495300 | H9: 10430265
A10: 合計 / 2025年8月 | B10: 39600 | C10: 9429750 | D10: 94350 | F10: 495300 | H10: 10059000
A11: 合計 / 2025年9月 | C11: 9486900 | D11: 245310 | F11: 495300 | G11: 28305 | H11: 10255815
A12: 合計 / 2025年10月 | C12: 9010650 | D12: 245310 | F12: 495300 | G12: 28305 | H12: 9779565
A13: 合計 / 2025年11月 | C13: 6553200 | D13: 245310 | F13: 419100 | G13: 28305 | H13: 7245915
A14: 合計 / 2025年12月 | C14: 6381750 | D14: 254745 | F14: 419100 | G14: 28305 | H14: 7083900
A15: 合計 / 2026年1月 | C15: 228600 | D15: 254745 | G15: 28305 | H15: 511650
A16: 合計 / 2026年2月 | C16: 114300 | D16: 254745 | G16: 28305 | H16: 397350
A17: 合計 / 2026年3月 | C17: 19050 | D17: 349095 | G17: 28305 | H17: 396450
A18: 合計 / 2026年4月 | D18: 349095 | G18: 28305 | H18: 377400
A19: 合計 / 2026年5月 | D19: 292485 | G19: 28305 | H19: 320790
A20: 合計 / 2026年6月 | D20: 264180 | G20: 28305 | H20: 292485
A21: 合計 / 2026年7月 | D21: 264180 | G21: 28305 | H21: 292485
A22: 合計 / 2026年8月 | D22: 254745 | G22: 28305 | H22: 283050
A23: 合計 / 2026年9月 | D23: 103785 | H23: 103785
A24: 合計 / 2026年10月 | D24: 103785 | H24: 103785
A25: 合計 / 2026年11月 | D25: 103785 | H25: 103785
A26: 合計 / 2026年12月 | D26: 94350 | H26: 94350
A27: 合計 / 2027年1月 | D27: 94350 | H27: 94350
A28: 合計 / 2027年2月 | D28: 94350 | H28: 94350
A29: 合計 / 2027年3月

Sheet Sheet8
A4: 合計 / 合計金額 | B4: 列ラベル
A5: 行ラベル | B5: 自社分 | C5: 全体売上 | D5: 総計
A6: 2025年02月 | B6: 26055 | C6: 57900 | D6: 83955
A7: 2025年03月 | B7: 1139940 | C7: 2533200 | D7: 3673140
A8: 2025年04月 | B8: 2536879 | C8: 5637510 | D8: 8174389
A9: 2025年05月 | B9: 2626768 | C9: 5837265 | D9: 8464033
A10: 2025年06月 | B10: 4701853 | C10: 10448565 | D10: 15150418
A11: 2025年07月 | B11: 4534784 | C11: 10077300 | D11: 14612084
A12: 2025年08月 | B12: 4585234 | C12: 10189410 | D12: 14774644
A13: 2025年09月 | B13: 4362349 | C13: 9694110 | D13: 14056459
A14: 2025年10月 | B14: 3213634 | C14: 7141410 | D14: 10355044
A15: 2025年11月 | B15: 3136481 | C15: 6969960 | D15: 10106441
A16: 2025年12月 | B16: 174642 | C16: 388095 | D16: 562737
A17: 2026年01月 | B17: 123207 | C17: 273795 | D17: 397002
... A30: 総計 | B30: 32231751 | C30: 71626140 | D30: 103857891

Sheet Sheet1-2
A1: タイプ1 | B1: タイプ2 | C1: 商品名 | D1: 計上月 | E1: 合計金額
A2: まとめ継続 | B2: 全体売上 | C2: 3ヶ月会員（ライト・クレカ自動更新） | D2: 2025年02月 | E2: 59400
A3: まとめ継続 | B3: 全体売上 | C3: 3ヶ月会員（ライト・クレカ自動更新） | D3: 2025年03月 | E3: 5405400
A4: まとめ継続 | B4: 全体売上 | C4: 3ヶ月会員（ライト・クレカ自動更新） | D4: 2025年04月 | E4: 1425600
A5: まとめ継続 | B5: 全体売上 | C5: 3ヶ月会員（ライト・クレカ自動更新） | D5: 2025年05月 | E5: 59400
A6: まとめ継続 | B6: 全体売上 | C6: 6ヶ月会員（ライト・クレカ自動更新） | D6: 2025年02月 | E6: 228600
A7: まとめ継続 | B7: 全体売上 | C7: 6ヶ月会員（ライト・クレカ自動更新） | D7: 2025年03月 | E7: 2971800
A8: まとめ継続 | B8: 全体売上 | C8: 6ヶ月会員（ライト・クレカ自動更新） | D8: 2025年04月 | E8: 14859000
A9: まとめ継続 | B9: 全体売上 | C9: 6ヶ月会員（ライト・クレカ自動更新） | D9: 2025年05月 | E9: 1028700
A10: まとめ継続 | B10: 全体売上 | C10: 6ヶ月会員（ライト・クレカ自動更新） | D10: 2025年06月 | E10: 37033200
A11: まとめ継続 | B11: 全体売上 | C11: 6ヶ月会員（ライト・クレカ自動更新） | D11: 2025年07月 | E11: 685800
A12: まとめ継続 | B12: 全体売上 | C12: 6ヶ月会員（ライト・クレカ自動更新） | D12: 2025年08月 | E12: 114300
A13: まとめ継続 | B13: 全体売上 | C13: Apex年間会員（自動更新） | D13: 2025年04月 | E13: 679320
... A22: まとめ継続 | B22: 全体売上 | C22: 銀振会員（更新要ｶｸﾆﾝ）6ヶ月 | D22: 2025年06月 | E22: 2514600

Sheet Sheet1
A1: タイプ1 | B1: タイプ2 | C1: 商品名 | D1: 計上月 | E1: 合計金額
A2: まとめ継続 | B2: 全体売上 | C2: 3ヶ月会員（ライト・クレカ自動更新） | D2: 2025年02月 | E2: 19800
A3: まとめ継続 | B3: 全体売上 | C3: 3ヶ月会員（ライト・クレカ自動更新） | D3: 2025年03月 | E3: 1821600
A4: まとめ継続 | B4: 全体売上 | C4: 3ヶ月会員（ライト・クレカ自動更新） | D4: 2025年04月 | E4: 2296800
A5: まとめ継続 | B5: 全体売上 | C5: 3ヶ月会員（ライト・クレカ自動更新） | D5: 2025年05月 | E5: 2296800
A6: まとめ継続 | B6: 全体売上 | C6: 3ヶ月会員（ライト・クレカ自動更新） | D6: 2025年06月 | E6: 495000
A7: まとめ継続 | B7: 全体売上 | C7: 3ヶ月会員（ライト・クレカ自動更新） | D7: 2025年07月 | E7: 19800
A8: まとめ継続 | B8: 全体売上 | C8: 6ヶ月会員（ライト・クレカ自動更新） | D8: 2025年02月 | E8: 38100
A9: まとめ継続 | B9: 全体売上 | C9: 6ヶ月会員（ライト・クレカ自動更新） | D9: 2025年03月 | E9: 533400
A10: まとめ継続 | B10: 全体売上 | C10: 6ヶ月会員（ライト・クレカ自動更新） | D10: 2025年04月 | E10: 3009900
A11: まとめ継続 | B11: 全体売上 | C11: 6ヶ月会員（ライト・クレカ自動更新） | D11: 2025年05月 | E11: 3181350
A12: まとめ継続 | B12: 全体売上 | C12: 6ヶ月会員（ライト・クレカ自動更新） | D12: 2025年06月 | E12: 9353550
A13: まとめ継続 | B13: 全体売上 | C13: 6ヶ月会員（ライト・クレカ自動更新） | D13: 2025年07月 | E13: 9467850
... A54: まとめ継続 | B54: 全体売上 | C54: 銀振会員（更新要ｶｸﾆﾝ）6ヶ月 | D54: 2025年11月 | E54: 419100

Sheet Sheet2
A1: タイプ1 | B1: タイプ2 | C1: 商品名 | D1: 計上月 | E1: 合計金額
A2: まとめ継続 | B2: 自社分 | C2: 3ヶ月会員（ライト・クレカ自動更新） | D2: 2025年02月 | E2: 8910
A3: まとめ継続 | B3: 自社分 | C3: 3ヶ月会員（ライト・クレカ自動更新） | D3: 2025年03月 | E3: 819720
A4: まとめ継続 | B4: 自社分 | C4: 3ヶ月会員（ライト・クレカ自動更新） | D4: 2025年04月 | E4: 1033560
A5: まとめ継続 | B5: 自社分 | C5: 3ヶ月会員（ライト・クレカ自動更新） | D5: 2025年05月 | E5: 1033560
A6: まとめ継続 | B6: 自社分 | C6: 3ヶ月会員（ライト・クレカ自動更新） | D6: 2025年06月 | E6: 222750 | T6: 45
A7: まとめ継続 | B7: 自社分 | C7: 3ヶ月会員（ライト・クレカ自動更新） | D7: 2025年07月 | E7: 8910
A8: まとめ継続 | B8: 自社分 | C8: 6ヶ月会員（ライト・クレカ自動更新） | D8: 2025年02月 | E8: 17145
A9: まとめ継続 | B9: 自社分 | C9: 6ヶ月会員（ライト・クレカ自動更新） | D9: 2025年03月 | E9: 240030
A10: まとめ継続 | B10: 自社分 | C10: 6ヶ月会員（ライト・クレカ自動更新） | D10: 2025年04月 | E10: 1354455
A11: まとめ継続 | B11: 自社分 | C11: 6ヶ月会員（ライト・クレカ自動更新） | D11: 2025年05月 | E11: 1431607
A12: まとめ継続 | B12: 自社分 | C12: 6ヶ月会員（ライト・クレカ自動更新） | D12: 2025年06月 | E12: 4209097
A13: まとめ継続 | B13: 自社分 | C13: 6ヶ月会員（ライト・クレカ自動更新） | D13: 2025年07月 | E13: 4260532
A14: まとめ継続 | B14: 自社分 | C14: 6ヶ月会員（ライト・クレカ自動更新） | D14: 2025年08月 | E14: 4251960
A15: まとめ継続 | B15: 自社分 | C15: 6ヶ月会員（ライト・クレカ自動更新） | D15: 2025年09月 | E15: 4029075
A16: まとめ継続 | B16: 自社分 | C16: 6ヶ月会員（ライト・クレカ自動更新） | D16: 2025年10月 | E16: 2914650
A17: まとめ継続 | B17: 自社分 | C17: 6ヶ月会員（ライト・クレカ自動更新） | D17: 2025年11月 | E17: 2837497
A18: まとめ継続 | B18: 自社分 | C18: 6ヶ月会員（ライト・クレカ自動更新） | D18: 2025年12月 | E18: 60007
... A54: まとめ継続 | B54: 自社分 | C54: 銀振会員（更新要ｶｸﾆﾝ）6ヶ月 | D54: 2025年11月 | E54: 188595

Sheet まとめ継続(分割計上計算)
A1: 氏名 | B1: (複数のアイテム)
A3: 行ラベル | B3: 合計 / 2025年2月2 | C3: 合計 / 2025年3月2 | D3: 合計 / 2025年4月2 | E3: 合計 / 2025年5月2 | F3: 合計 / 2025年6月2 | G3: 合計 / 2025年7月2 | H3: 合計 / 2025年8月2 | I3: 合計 / 2025年9月2 | J3: 合計 / 2025年10月2 | K3: 合計 / 2025年11月2 | L3: 合計 / 2025年12月2 | M3: 合計 / 2026年1月2 | N3: 合計 / 2026年2月2 | O3: 合計 / 2026年3月 | P3: 合計 / 2026年4月 | Q3: 合計 / 2026年5月 | R3: 合計 / 2026年6月 | S3: 合計 / 2026年7月 | T3: 合計 / 2026年8月 | U3: 合計 / 2026年9月 | V3: 合計 / 2026年10月 | W3: 合計 / 2026年11月 | X3: 合計 / 2026年12月 | Y3: 合計 / 2027年1月
A4: 3ヶ月会員（ライト・クレカ自動更新） | B4: 19800 | C4: 1821600 | D4: 2296800 | E4: 2296800 | F4: 495000 | G4: 19800
A5: 6ヶ月会員（ライト・クレカ自動更新） | B5: 38100 | C5: 533400 | D5: 3009900 | E5: 3181350 | F5: 9353550 | G5: 9467850 | H5: 9448800 | I5: 8953500 | J5: 6477000 | K5: 6305550 | L5: 133350 | M5: 19050
A6: Apex年間会員（自動更新） | D6: 56610 | E6: 84915 | F6: 84915 | G6: 94350 | H6: 245310 | I6: 245310 | J6: 245310 | K6: 245310 | L6: 254745 | M6: 254745 | N6: 349095 | O6: 349095 | P6: 292485 | Q6: 264180 | R6: 264180 | S6: 254745 | T6: 103785 | U6: 103785 | V6: 103785 | W6: 103785 | X6: 94350 | Y6: 94350
A7: 銀振会員（更新要ｶｸﾆﾝ）3ヶ月 | C7: 178200 | D7: 198000 | E7: 198000 | F7: 19800
A8: 銀振会員（更新要ｶｸﾆﾝ）6ヶ月 | D8: 76200 | E8: 76200 | F8: 495300 | G8: 495300 | H8: 495300 | I8: 495300 | J8: 419100 | K8: 419100
A9: 総計 | B9: 57900 | C9: 2533200 | D9: 5637510 | E9: 5837265 | F9: 10448565 | G9: 10077300 | H9: 10189410 | I9: 9694110 | J9: 7141410 | K9: 6969960 | L9: 388095 | M9: 273795 | N9: 349095 | O9: 349095 | P9: 292485 | Q9: 264180 | R9: 264180 | S9: 254745 | T9: 103785 | U9: 103785 | V9: 103785 | W9: 103785 | X9: 94350 | Y9: 94350
A18: 氏名 | B18: (複数のアイテム)
A20: 行ラベル | B20: 合計 / 2025年2月 | C20: 合計 / 2025年3月 | D20: 合計 / 2025年4月 | E20: 合計 / 2025年5月 | F20: 合計 / 2025年6月 | G20: 合計 / 2025年7月 | H20: 合計 / 2025年8月 | I20: 合計 / 2025年9月 | J20: 合計 / 2025年10月 | K20: 合計 / 2025年11月 | L20: 合計 / 2025年12月 | M20: 合計 / 2026年1月 | N20: 合計 / 2026年2月
A21: 3ヶ月会員（ライト・クレカ自動更新） | B21: 59400 | C21: 5405400 | D21: 1425600 | E21: 59400 | F21: 0 | G21: 0 | H21: 0 | I21: 0 | J21: 0 | K21: 0 | L21: 0 | M21: 0 | N21: 0
A22: 6ヶ月会員（ライト・クレカ自動更新） | B22: 228600 | C22: 2971800 | D22: 14859000 | E22: 1028700 | F22: 37033200 | G22: 685800 | H22: 114300 | I22: 0 | J22: 0 | K22: 0 | L22: 0 | M22: 0 | N22: 0
A23: Apex年間会員（自動更新） | B23: 0 | C23: 0 | D23: 679320 | E23: 339660 | F23: 0 | G23: 113220 | H23: 1811520 | I23: 0 | J23: 0 | K23: 0 | L23: 113220 | M23: 0 | N23: 1132200
A24: 銀振会員（更新要ｶｸﾆﾝ）3ヶ月 | B24: 0 | C24: 534600 | D24: 59400 | E24: 0 | F24: 0 | G24: 0 | H24: 0 | I24: 0 | J24: 0 | K24: 0 | L24: 0 | M24: 0 | N24: 0
A25: 銀振会員（更新要ｶｸﾆﾝ）6ヶ月 | B25: 0 | C25: 0 | D25: 457200 | E25: 0 | F25: 2514600 | G25: 0 | H25: 0 | I25: 0 | J25: 0 | K25: 0 | L25: 0 | M25: 0 | N25: 0
A26: 総計 | B26: 288000 | C26: 8911800 | D26: 17480520 | E26: 1427760 | F26: 39547800 | G26: 799020 | H26: 1925820 | I26: 0 | J26: 0 | K26: 0 | L26: 113220 | M26: 0 | N26: 1132200
A33: 分割計上後
A34: 行ラベル | B34: 3ヶ月会員（ライト・クレカ自動更新） | C34: 6ヶ月会員（ライト・クレカ自動更新） | D34: Apex年間会員（自動更新） | E34: 銀振会員（更新要ｶｸﾆﾝ）3ヶ月 | F34: 銀振会員（更新要ｶｸﾆﾝ）6ヶ月 | G34: 総計
A35: 45689 | B35: 19800 | C35: 38100 | G35: 57900
A36: 45717 | B36: 1821600 | C36: 533400 | E36: 178200 | G36: 2533200
A37: 45748 | B37: 2296800 | C37: 3009900 | D37: 56610 | E37: 198000 | F37: 76200 | G37: 5637510
A38: 45778 | B38: 2296800 | C38: 3181350 | D38: 84915 | E38: 198000 | F38: 76200 | G38: 5837265
A39: 45809 | B39: 495000 | C39: 9353550 | D39: 84915 | E39: 19800 | F39: 495300 | G39: 10448565
A40: 45839 | B40: 19800 | C40: 9467850 | D40: 94350 | F40: 495300 | G40: 10077300
A41: 45870 | C41: 9448800 | D41: 245310 | F41: 495300 | G41: 10189410
A42: 45901 | C42: 8953500 | D42: 245310 | F42: 495300 | G42: 9694110
A43: 45931 | C43: 6477000 | D43: 245310 | F43: 419100 | G43: 7141410
A44: 45962 | C44: 6305550 | D44: 245310 | F44: 419100 | G44: 6969960
A45: 45992 | C45: 133350 | D45: 254745 | G45: 388095
A46: 46023 | C46: 19050 | D46: 254745 | G46: 273795
A47: 46054 | D47: 349095 | G47: 349095
A48: 46082 | D48: 349095 | G48: 349095
A49: 46113 | D49: 292485 | G49: 292485
A50: 46143 | D50: 264180 | G50: 264180
A51: 46174 | D51: 264180 | G51: 264180
A52: 46204 | D52: 254745 | G52: 254745
A53: 46235 | D53: 103785 | G53: 103785
A54: 46266 | D54: 103785 | G54: 103785
A55: 46296 | D55: 103785 | G55: 103785
A56: 46327 | D56: 103785 | G56: 103785
A57: 46357 | D57: 94350 | G57: 94350
A58: 46388 | D58: 94350 | G58: 94350
A64: 発生（分割計上前）
A65: 行ラベル | B65: 3ヶ月会員（ライト・クレカ自動更新） | C65: 6ヶ月会員（ライト・クレカ自動更新） | D65: Apex年間会員（自動更新） | E65: 銀振会員（更新要ｶｸﾆﾝ）3ヶ月 | F65: 銀振会員（更新要ｶｸﾆﾝ）6ヶ月 | G65: 総計
A66: 45689 | B66: 59400 | C66: 228600 | D66: 0 | E66: 0 | F66: 0 | G66: 288000
A67: 45717 | B67: 5405400 | C67: 2971800 | D67: 0 | E67: 534600 | F67: 0 | G67: 8911800
A68: 45748 | B68: 1425600 | C68: 14859000 | D68: 679320 | E68: 59400 | F68: 457200 | G68: 17480520
A69: 45778 | B69: 59400 | C69: 1028700 | D69: 339660 | E69: 0 | F69: 0 | G69: 1427760
A70: 45809 | B70: 0 | C70: 37033200 | D70: 0 | E70: 0 | F70: 2514600 | G70: 39547800
A71: 45839 | B71: 0 | C71: 685800 | D71: 113220 | E71: 0 | F71: 0 | G71: 799020
A72: 45870 | B72: 0 | C72: 114300 | D72: 1811520 | E72: 0 | F72: 0 | G72: 1925820
A73: 45901 | B73: 0 | C73: 0 | D73: 0 | E73: 0 | F73: 0 | G73: 0
A74: 45931 | B74: 0 | C74: 0 | D74: 0 | E74: 0 | F74: 0 | G74: 0
A75: 45962 | B75: 0 | C75: 0 | D75: 0 | E75: 0 | F75: 0 | G75: 0
A76: 45992 | B76: 0 | C76: 0 | D76: 113220 | E76: 0 | F76: 0 | G76: 113220
A77: 46023 | B77: 0 | C77: 0 | D77: 0 | E77: 0 | F77: 0 | G77: 0
A78: 46054 | B78: 0 | C78: 0 | D78: 1132200 | E78: 0 | F78: 0 | G78: 1132200

Sheet まとめ継続(1月)
A1: 新 業務提携者（従属） | B1: 顧客ID | C1: 氏名 | D1: 登録メールアドレス | E1: CLEARTRADEコミュ会員タイプ | F1: CLEARTRADEコミュ入会日 | G1: CLEARTRADEコミュ退会日 | H1: CLEARTRADEコミュ支払方法 | I1: 金額 | J1: CLEARTRADEコミュ配信状況 | K1: 2025年2月 | L1: 2025年3月 | M1: 2025年4月 | N1: 2025年5月 | O1: 2025年6月 | P1: 2025年7月 | Q1: 2025年8月 | R1: 2025年9月 | S1: 2025年10月 | T1: 2025年11月 | U1: 2025年12月 | V1: 2026年1月 | W1: 2026年2月 | X1: 期間 | Y1: 2025年2月 | Z1: 2025年3月 | AA1: 2025年4月 | AB1: 2025年5月 | AC1: 2025年6月 | AD1: 2025年7月 | AE1: 2025年8月 | AF1: 2025年9月 | AG1: 2025年10月 | AH1: 2025年11月 | AI1: 2025年12月 | AJ1: 2026年1月 | AK1: 2026年2月 | AL1: 2026年3月 | AM1: 2026年4月 | AN1: 2026年5月 | AO1: 2026年6月 | AP1: 2026年7月 | AQ1: 2026年8月 | AR1: 2026年9月 | AS1: 2026年10月 | AT1: 2026年11月 | AU1: 2026年12月 | AV1: 2027年1月 | AW1: A | AX1: B | AY1: C | AZ1: D
A2: PEAK ONE. LLC[山崎裕久(Mr.K)] | B2: C-00075126 | C2: 武田祐二 | D2: yellow.tail@docomo.ne.jp | E2: 3ヶ月会員（ライト・クレカ自動更新） | F2: 2025/01/23 00:00:00 | G2: 2025/04/20 00:00:00 | H2: クレジットカード（ROBOT） | I2: 59400 | J2: 1 | K2: 0 | L2: 0 | M2: 59400 | N2: 0 | O2: 0 | P2: 0 | Q2: 0 | R2: 0 | S2: 0 | T2: 0 | U2: 0 | V2: 0 | W2: 0 | X2: 3 | AA2: 19800 | AB2: 19800 | AC2: 19800 | AW2: =+COUNTA(Y2:AV2) -> 3 | AX2: =+AW2=X2 -> TRUE | AY2: =+SUM(Y2:AV2) -> 59400 | AZ2: =+I2=AY2 -> TRUE
A3: PEAK ONE. LLC[山崎裕久(Mr.K)] | B3: C-00074947 | C3: 宮川美樹 | D3: adgjmptw2001@gmail.com | E3: 3ヶ月会員（ライト・クレカ自動更新） | F3: 2024/12/09 00:00:00 | G3: 2025/03/20 00:00:00 | H3: クレジットカード（ROBOT） | I3: 59400 | J3: 2 | K3: 0 | L3: 59400 | M3: 0 | N3: 0 | O3: 0 | P3: 0 | Q3: 0 | R3: 0 | S3: 0 | T3: 0 | U3: 0 | V3: 0 | W3: 0 | X3: 3 | Z3: 19800 | AA3: 19800 | AB3: 19800 | AW3: =+COUNTA(Y3:AV3) -> 3 | AX3: =+AW3=X3 -> TRUE | AY3: =+SUM(Y3:AV3) -> 59400 | AZ3: =+I3=AY3 -> TRUE
A4: PEAK ONE. LLC[山崎裕久(Mr.K)] | B4: C-00074945 | C4: 岩崎由美子 | D4: kouandryuu@gmail.com | E4: 3ヶ月会員（ライト・クレカ自動更新） | F4: 2024/12/23 00:00:00 | G4: 2025/03/20 00:00:00 | H4: クレジットカード（ROBOT） | I4: 59400 | J4: 2 | K4: 0 | L4: 59400 | M4: 0 | N4: 0 | O4: 0 | P4: 0 | Q4: 0 | R4: 0 | S4: 0 | T4: 0 | U4: 0 | V4: 0 | W4: 0 | X4: 3 | Z4: 19800 | AA4: 19800 | AB4: 19800 | AW4: =+COUNTA(Y4:AV4) -> 3 | AX4: =+AW4=X4 -> TRUE | AY4: =+SUM(Y4:AV4) -> 59400 | AZ4: =+I4=AY4 -> TRUE
A5: PEAK ONE. LLC[山崎裕久(Mr.K)] | B5: C-00074942 | C5: 藤山貴浩 | D5: akeboshi06@gmail.com | E5: 3ヶ月会員（ライト・クレカ自動更新） | F5: 2024/12/23 00:00:00 | G5: 2025/03/20 00:00:00 | H5: クレジットカード（ROBOT） | I5: 59400 | J5: 2 | K5: 0 | L5: 59400 | M5: 0 | N5: 0 | O5: 0 | P5: 0 | Q5: 0 | R5: 0 | S5: 0 | T5: 0 | U5: 0 | V5: 0 | W5: 0 | X5: 3 | Z5: 19800 | AA5: 19800 | AB5: 19800 | AW5: =+COUNTA(Y5:AV5) -> 3 | AX5: =+AW5=X5 -> TRUE | AY5: =+SUM(Y5:AV5) -> 59400 | AZ5: =+I5=AY5 -> TRUE
A6: PEAK ONE. LLC[山崎裕久(Mr.K)] | B6: C-00074941 | C6: 橋本公洋 | D6: kisss642_ipad@icloud.com | E6: 6ヶ月会員（ライト・クレカ自動更新） | F6: 2024/12/22 00:00:00 | G6: 2025/06/20 00:00:00 | H6: クレジットカード（ROBOT） | I6: 114300 | J6: 2 | K6: 0 | L6: 0 | M6: 0 | N6: 0 | O6: 114300 | P6: 0 | Q6: 0 | R6: 0 | S6: 0 | T6: 0 | U6: 0 | V6: 0 | W6: 0 | X6: 6 | AC6: 19050 | AD6: 19050 | AE6: 19050 | AF6: 19050 | AG6: 19050 | AH6: 19050 | AW6: =+COUNTA(Y6:AV6) -> 6 | AX6: =+AW6=X6 -> TRUE | AY6: =+SUM(Y6:AV6) -> 114300 | AZ6: =+I6=AY6 -> TRUE
A7: PEAK ONE. LLC[山崎裕久(Mr.K)] | B7: C-00074937 | C7: 今泉宏章 | D7: botzehrc@yahoo.co.jp | E7: 銀振会員（更新要ｶｸﾆﾝ）6ヶ月 | F7: 2024/12/21 00:00:00 | G7: 2025/06/20 00:00:00 | H7: 銀行振込（ROBOT） | I7: 114300 | J7: 1 | K7: 0 | L7: 0 | M7: 0 | N7: 0 | O7: 114300 | P7: 0 | Q7: 0 | R7: 0 | S7: 0 | T7: 0 | U7: 0 | V7: 0 | W7: 0 | X7: 6 | AC7: 19050 | AD7: 19050 | AE7: 19050 | AF7: 19050 | AG7: 19050 | AH7: 19050 | AW7: =+COUNTA(Y7:AV7) -> 6 | AX7: =+AW7=X7 -> TRUE | AY7: =+SUM(Y7:AV7) -> 114300 | AZ7: =+I7=AY7 -> TRUE
A8: PEAK ONE. LLC[山崎裕久(Mr.K)] | B8: C-00074934 | C8: 廣田雅美 | D8: meru01312001@yahoo.co.jp | E8: 6ヶ月会員（ライト・クレカ自動更新） | F8: 2024/12/06 00:00:00 | G8: 2025/06/20 00:00:00 | H8: クレジットカード（ROBOT） | I8: 114300 | J8: 2 | K8: 0 | L8: 0 | M8: 0 | N8: 0 | O8: 114300 | P8: 0 | Q8: 0 | R8: 0 | S8: 0 | T8: 0 | U8: 0 | V8: 0 | W8: 0 | X8: 6 | AC8: 19050 | AD8: 19050 | AE8: 19050 | AF8: 19050 | AG8: 19050 | AH8: 19050 | AW8: =+COUNTA(Y8:AV8) -> 6 | AX8: =+AW8=X8 -> TRUE | AY8: =+SUM(Y8:AV8) -> 114300 | AZ8: =+I8=AY8 -> TRUE
A9: PEAK ONE. LLC[山崎裕久(Mr.K)] | B9: C-00074931 | C9: 帆苅正典 | D9: nor.ism@icloud.com | E9: 6ヶ月会員（ライト・クレカ自動更新） | F9: 2024/12/09 00:00:00 | G9: 2025/06/20 00:00:00 | H9: クレジットカード（ROBOT） | I9: 114300 | J9: 2 | K9: 0 | L9: 0 | M9: 0 | N9: 0 | O9: 114300 | P9: 0 | Q9: 0 | R9: 0 | S9: 0 | T9: 0 | U9: 0 | V9: 0 | W9: 0 | X9: 6 | AC9: 19050 | AD9: 19050 | AE9: 19050 | AF9: 19050 | AG9: 19050 | AH9: 19050 | AW9: =+COUNTA(Y9:AV9) -> 6 | AX9: =+AW9=X9 -> TRUE | AY9: =+SUM(Y9:AV9) -> 114300 | AZ9: =+I9=AY9 -> TRUE
A10: PEAK ONE. LLC[山崎裕久(Mr.K)] | B10: C-00074928 | C10: 吉田努 | D10: yoshimoo732507@gmail.com | E10: 6ヶ月会員（ライト・クレカ自動更新） | F10: 2024/12/08 00:00:00 | G10: 2025/06/20 00:00:00 | H10: クレジットカード（ROBOT） | I10: 114300 | J10: 2 | K10: 0 | L10: 0 | M10: 0 | N10: 0 | O10: 114300 | P10: 0 | Q10: 0 | R10: 0 | S10: 0 | T10: 0 | U10: 0 | V10: 0 | W10: 0 | X10: 6 | AC10: 19050 | AD10: 19050 | AE10: 19050 | AF10: 19050 | AG10: 19050 | AH10: 19050 | AW10: =+COUNTA(Y10:AV10) -> 6 | AX10: =+AW10=X10 -> TRUE | AY10: =+SUM(Y10:AV10) -> 114300 | AZ10: =+I10=AY10 -> TRUE
A11: PEAK ONE. LLC[山崎裕久(Mr.K)] | B11: C-00074922 | C11: 上野利仁 | D11: toshi.hit.u@gmail.com | E11: 6ヶ月会員（ライト・クレカ自動更新） | F11: 2024/12/08 00:00:00 | G11: 2025/06/20 00:00:00 | H11: クレジットカード（ROBOT） | I11: 114300 | J11: 2 | K11: 0 | L11: 0 | M11: 0 | N11: 0 | O11: 114300 | P11: 0 | Q11: 0 | R11: 0 | S11: 0 | T11: 0 | U11: 0 | V11: 0 | W11: 0 | X11: 6 | AC11: 19050 | AD11: 19050 | AE11: 19050 | AF11: 19050 | AG11: 19050 | AH11: 19050 | AW11: =+COUNTA(Y11:AV11) -> 6 | AX11: =+AW11=X11 -> TRUE | AY11: =+SUM(Y11:AV11) -> 114300 | AZ11: =+I11=AY11 -> TRUE
A12: PEAK ONE. LLC[山崎裕久(Mr.K)] | B12: C-00074916 | C12: 近藤洋文 | D12: kkdental1122@gmail.com | E12: 銀振会員（更新要ｶｸﾆﾝ）3ヶ月 | F12: 2024/12/23 00:00:00 | G12: 2025/03/20 00:00:00 | H12: 銀行振込（ROBOT） | I12: 59400 | J12: 1 | K12: 0 | L12: 59400 | M12: 0 | N12: 0 | O12: 0 | P12: 0 | Q12: 0 | R12: 0 | S12: 0 | T12: 0 | U12: 0 | V12: 0 | W12: 0 | X12: 3 | Z12: 19800 | AA12: 19800 | AB12: 19800 | AW12: =+COUNTA(Y12:AV12) -> 3 | AX12: =+AW12=X12 -> TRUE | AY12: =+SUM(Y12:AV12) -> 59400 | AZ12: =+I12=AY12 -> TRUE
A13: PEAK ONE. LLC[山崎裕久(Mr.K)] | B13: C-00074914 | C13: 西村与志郎 | D13: jl3sik@gmail.com | E13: 6ヶ月会員（ライト・クレカ自動更新） | F13: 2025/01/12 00:00:00 | G13: 2025/07/20 00:00:00 | H13: クレジットカード（ROBOT） | I13: 114300 | J13: 1 | K13: 0 | L13: 0 | M13: 0 | N13: 0 | O13: 0 | P13: 114300 | Q13: 0 | R13: 0 | S13: 0 | T13: 0 | U13: 0 | V13: 0 | W13: 0 | X13: 6 | AD13: 19050 | AE13: 19050 | AF13: 19050 | AG13: 19050 | AH13: 19050 | AI13: 19050 | AW13: =+COUNTA(Y13:AV13) -> 6 | AX13: =+AW13=X13 -> TRUE | AY13: =+SUM(Y13:AV13) -> 114300 | AZ13: =+I13=AY13 -> TRUE
A14: PEAK ONE. LLC[山崎裕久(Mr.K)] | B14: C-00074903 | C14: コーンみさ | D14: misanino2@gmail.com | E14: 3ヶ月会員（ライト・クレカ自動更新） | F14: 2024/12/23 00:00:00 | G14: 2025/03/20 00:00:00 | H14: クレジットカード（ROBOT） | I14: 59400 | J14: 2 | K14: 0 | L14: 59400 | M14: 0 | N14: 0 | O14: 0 | P14: 0 | Q14: 0 | R14: 0 | S14: 0 | T14: 0 | U14: 0 | V14: 0 | W14: 0 | X14: 3 | Z14: 19800 | AA14: 19800 | AB14: 19800 | AW14: =+COUNTA(Y14:AV14) -> 3 | AX14: =+AW14=X14 -> TRUE | AY14: =+SUM(Y14:AV14) -> 59400 | AZ14: =+I14=AY14 -> TRUE
A15: PEAK ONE. LLC[山崎裕久(Mr.K)] | B15: C-00074901 | C15: 佐藤誠 | D15: Wa87253iop@yahoo.co.jp | E15: 6ヶ月会員（ライト・クレカ自動更新） | F15: 2024/12/13 00:00:00 | G15: 2025/06/20 00:00:00 | H15: クレジットカード（ROBOT） | I15: 114300 | J15: 2 | K15: 0 | L15: 0 | M15: 0 | N15: 0 | O15: 114300 | P15: 0 | Q15: 0 | R15: 0 | S15: 0 | T15: 0 | U15: 0 | V15: 0 | W15: 0 | X15: 6 | AC15: 19050 | AD15: 19050 | AE15: 19050 | AF15: 19050 | AG15: 19050 | AH15: 19050 | AW15: =+COUNTA(Y15:AV15) -> 6 | AX15: =+AW15=X15 -> TRUE | AY15: =+SUM(Y15:AV15) -> 114300 | AZ15: =+I15=AY15 -> TRUE
A16: PEAK ONE. LLC[山崎裕久(Mr.K)] | B16: C-00074897 | C16: 山野操 | D16: yamanoimo2@gmail.com | E16: 6ヶ月会員（ライト・クレカ自動更新） | F16: 2024/12/07 00:00:00 | G16: 2025/06/20 00:00:00 | H16: クレジットカード（ROBOT） | I16: 114300 | J16: 2 | K16: 0 | L16: 0 | M16: 0 | N16: 0 | O16: 114300 | P16: 0 | Q16: 0 | R16: 0 | S16: 0 | T16: 0 | U16: 0 | V16: 0 | W16: 0 | X16: 6 | AC16: 19050 | AD16: 19050 | AE16: 19050 | AF16: 19050 | AG16: 19050 | AH16: 19050 | AW16: =+COUNTA(Y16:AV16) -> 6 | AX16: =+AW16=X16 -> TRUE | AY16: =+SUM(Y16:AV16) -> 114300 | AZ16: =+I16=AY16 -> TRUE
A17: PEAK ONE. LLC[山崎裕久(Mr.K)] | B17: C-00074892 | C17: 若松俊宏 | D17: volken3535@i.softbank.jp | E17: 6ヶ月会員（ライト・クレカ自動更新） | F17: 2024/12/10 00:00:00 | G17: 2025/06/20 00:00:00 | H17: クレジットカード（ROBOT） | I17: 114300 | J17: 2 | K17: 0 | L17: 0 | M17: 0 | N17: 0 | O17: 114300 | P17: 0 | Q17: 0 | R17: 0 | S17: 0 | T17: 0 | U17: 0 | V17: 0 | W17: 0 | X17: 6 | AC17: 19050 | AD17: 19050 | AE17: 19050 | AF17: 19050 | AG17: 19050 | AH17: 19050 | AW17: =+COUNTA(Y17:AV17) -> 6 | AX17: =+AW17=X17 -> TRUE | AY17: =+SUM(Y17:AV17) -> 114300 | AZ17: =+I17=AY17 -> TRUE
A18: PEAK ONE. LLC[山崎裕久(Mr.K)] | B18: C-00074891 | C18: 宮川宏美 | D18: sabu.miyabi.no@gmail.com | E18: 3ヶ月会員（ライト・クレカ自動更新） | F18: 2024/12/21 00:00:00 | G18: 2025/03/20 00:00:00 | H18: クレジットカード（ROBOT） | I18: 59400 | J18: 2 | K18: 0 | L18: 59400 | M18: 0 | N18: 0 | O18: 0 | P18: 0 | Q18: 0 | R18: 0 | S18: 0 | T18: 0 | U18: 0 | V18: 0 | W18: 0 | X18: 3 | Z18: 19800 | AA18: 19800 | AB18: 19800 | AW18: =+COUNTA(Y18:AV18) -> 3 | AX18: =+AW18=X18 -> TRUE | AY18: =+SUM(Y18:AV18) -> 59400 | AZ18: =+I18=AY18 -> TRUE
A19: PEAK ONE. LLC[山崎裕久(Mr.K)] | B19: C-00074889 | C19: 塩田芳江 | D19: yoi@yahoo.co.jp | E19: 銀振会員（更新要ｶｸﾆﾝ）6ヶ月 | F19: 2024/12/20 00:00:00 | G19: 2025/06/20 00:00:00 | H19: 銀行振込（ROBOT） | I19: 114300 | J19: 1 | K19: 0 | L19: 0 | M19: 0 | N19: 0 | O19: 114300 | P19: 0 | Q19: 0 | R19: 0 | S19: 0 | T19: 0 | U19: 0 | V19: 0 | W19: 0 | X19: 6 | AC19: 19050 | AD19: 19050 | AE19: 19050 | AF19: 19050 | AG19: 19050 | AH19: 19050 | AW19: =+COUNTA(Y19:AV19) -> 6 | AX19: =+AW19=X19 -> TRUE | AY19: =+SUM(Y19:AV19) -> 114300 | AZ19: =+I19=AY19 -> TRUE
A20: PEAK ONE. LLC[山崎裕久(Mr.K)] | B20: C-00074888 | C20: 本目毅 | D20: tsu.honme@gmail.com | E20: 銀振会員（更新要ｶｸﾆﾝ）3ヶ月 | F20: 2024/12/16 00:00:00 | G20: 2025/03/20 00:00:00 | H20: 銀行振込（ROBOT） | I20: 59400 | J20: 1 | K20: 0 | L20: 59400 | M20: 0 | N20: 0 | O20: 0 | P20: 0 | Q20: 0 | R20: 0 | S20: 0 | T20: 0 | U20: 0 | V20: 0 | W20: 0 | X20: 3 | Z20: 19800 | AA20: 19800 | AB20: 19800 | AW20: =+COUNTA(Y20:AV20) -> 3 | AX20: =+AW20=X20 -> TRUE | AY20: =+SUM(Y20:AV20) -> 59400 | AZ20: =+I20=AY20 -> TRUE
A21: PEAK ONE. LLC[山崎裕久(Mr.K)] | B21: C-00074887 | C21: 檀高博 | D21: taka.dan.2709.dragon@gmail.com | E21: 3ヶ月会員（ライト・クレカ自動更新） | F21: 2024/12/27 00:00:00 | G21: 2025/03/20 00:00:00 | H21: クレジットカード（ROBOT） | I21: 59400 | J21: 2 | K21: 0 | L21: 59400 | M21: 0 | N21: 0 | O21: 0 | P21: 0 | Q21: 0 | R21: 0 | S21: 0 | T21: 0 | U21: 0 | V21: 0 | W21: 0 | X21: 3 | Z21: 19800 | AA21: 19800 | AB21: 19800 | AW21: =+COUNTA(Y21:AV21) -> 3 | AX21: =+AW21=X21 -> TRUE | AY21: =+SUM(Y21:AV21) -> 59400 | AZ21: =+I21=AY21 -> TRUE
A22: PEAK ONE. LLC[山崎裕久(Mr.K)] | B22: C-00074885 | C22: 工藤貴之 | D22: mcm1801qlo1746@gmail.com | E22: 6ヶ月会員（ライト・クレカ自動更新） | F22: 2024/12/07 00:00:00 | G22: 2025/06/20 00:00:00 | H22: クレジットカード（ROBOT） | I22: 114300 | J22: 2 | K22: 0 | L22: 0 | M22: 0 | N22: 0 | O22: 114300 | P22: 0 | Q22: 0 | R22: 0 | S22: 0 | T22: 0 | U22: 0 | V22: 0 | W22: 0 | X22: 6 | AC22: 19050 | AD22: 19050 | AE22: 19050 | AF22: 19050 | AG22: 19050 | AH22: 19050 | AW22: =+COUNTA(Y22:AV22) -> 6 | AX22: =+AW22=X22 -> TRUE | AY22: =+SUM(Y22:AV22) -> 114300 | AZ22: =+I22=AY22 -> TRUE
A23: PEAK ONE. LLC[山崎裕久(Mr.K)] | B23: C-00074881 | C23: 馬場昭江 | D23: akiebaba@ybb.ne.jp | E23: 6ヶ月会員（ライト・クレカ自動更新） | F23: 2024/12/11 00:00:00 | G23: 2025/06/20 00:00:00 | H23: クレジットカード（ROBOT） | I23: 114300 | J23: 2 | K23: 0 | L23: 0 | M23: 0 | N23: 0 | O23: 114300 | P23: 0 | Q23: 0 | R23: 0 | S23: 0 | T23: 0 | U23: 0 | V23: 0 | W23: 0 | X23: 6 | AC23: 19050 | AD23: 19050 | AE23: 19050 | AF23: 19050 | AG23: 19050 | AH23: 19050 | AW23: =+COUNTA(Y23:AV23) -> 6 | AX23: =+AW23=X23 -> TRUE | AY23: =+SUM(Y23:AV23) -> 114300 | AZ23: =+I23=AY23 -> TRUE
A24: PEAK ONE. LLC[山崎裕久(Mr.K)] | B24: C-00074876 | C24: 景山康司 | D24: ha_sekai@yahoo.co.jp | E24: 3ヶ月会員（ライト・クレカ自動更新） | F24: 2024/12/23 00:00:00 | G24: 2025/03/20 00:00:00 | H24: クレジットカード（ROBOT） | I24: 59400 | J24: 2 | K24: 0 | L24: 59400 | M24: 0 | N24: 0 | O24: 0 | P24: 0 | Q24: 0 | R24: 0 | S24: 0 | T24: 0 | U24: 0 | V24: 0 | W24: 0 | X24: 3 | Z24: 19800 | AA24: 19800 | AB24: 19800 | AW24: =+COUNTA(Y24:AV24) -> 3 | AX24: =+AW24=X24 -> TRUE | AY24: =+SUM(Y24:AV24) -> 59400 | AZ24: =+I24=AY24 -> TRUE
A25: PEAK ONE. LLC[山崎裕久(Mr.K)] | B25: C-00074870 | C25: 中馬宏昌 | D25: arms2678@gmail.com | E25: 6ヶ月会員（ライト・クレカ自動更新） | F25: 2024/12/23 00:00:00 | G25: 2025/06/20 00:00:00 | H25: クレジットカード（ROBOT） | I25: 114300 | J25: 2 | K25: 0 | L25: 0 | M25: 0 | N25: 0 | O25: 114300 | P25: 0 | Q25: 0 | R25: 0 | S25: 0 | T25: 0 | U25: 0 | V25: 0 | W25: 0 | X25: 6 | AC25: 19050 | AD25: 19050 | AE25: 19050 | AF25: 19050 | AG25: 19050 | AH25: 19050 | AW25: =+COUNTA(Y25:AV25) -> 6 | AX25: =+AW25=X25 -> TRUE | AY25: =+SUM(Y25:AV25) -> 114300 | AZ25: =+I25=AY25 -> TRUE
A26: PEAK ONE. LLC[山崎裕久(Mr.K)] | B26: C-00074863 | C26: 作田圭治 | D26: sakusaku7ks@outlook.jp | E26: 銀振会員（更新要ｶｸﾆﾝ）6ヶ月 | F26: 2024/12/16 00:00:00 | G26: 2025/06/20 00:00:00 | H26: 銀行振込（ROBOT） | I26: 114300 | J26: 1 | K26: 0 | L26: 0 | M26: 0 | N26: 0 | O26: 114300 | P26: 0 | Q26: 0 | R26: 0 | S26: 0 | T26: 0 | U26: 0 | V26: 0 | W26: 0 | X26: 6 | AC26: 19050 | AD26: 19050 | AE26: 19050 | AF26: 19050 | AG26: 19050 | AH26: 19050 | AW26: =+COUNTA(Y26:AV26) -> 6 | AX26: =+AW26=X26 -> TRUE | AY26: =+SUM(Y26:AV26) -> 114300 | AZ26: =+I26=AY26 -> TRUE
A27: PEAK ONE. LLC[山崎裕久(Mr.K)] | B27: C-00074859 | C27: 黒田真道 | D27: shindou19900120@yahoo.co.jp | E27: 6ヶ月会員（ライト・クレカ自動更新） | F27: 2024/12/09 00:00:00 | G27: 2025/06/20 00:00:00 | H27: クレジットカード（ROBOT） | I27: 114300 | J27: 2 | K27: 0 | L27: 0 | M27: 0 | N27: 0 | O27: 114300 | P27: 0 | Q27: 0 | R27: 0 | S27: 0 | T27: 0 | U27: 0 | V27: 0 | W27: 0 | X27: 6 | AC27: 19050 | AD27: 19050 | AE27: 19050 | AF27: 19050 | AG27: 19050 | AH27: 19050 | AW27: =+COUNTA(Y27:AV27) -> 6 | AX27: =+AW27=X27 -> TRUE | AY27: =+SUM(Y27:AV27) -> 114300 | AZ27: =+I27=AY27 -> TRUE
A28: PEAK ONE. LLC[山崎裕久(Mr.K)] | B28: C-00074855 | C28: 大野木俊介 | D28: shunsukeonoki@gmail.com | E28: 6ヶ月会員（ライト・クレカ自動更新） | F28: 2024/12/20 00:00:00 | G28: 2025/06/20 00:00:00 | H28: クレジットカード（ROBOT） | I28: 114300 | J28: 2 | K28: 0 | L28: 0 | M28: 0 | N28: 0 | O28: 114300 | P28: 0 | Q28: 0 | R28: 0 | S28: 0 | T28: 0 | U28: 0 | V28: 0 | W28: 0 | X28: 6 | AC28: 19050 | AD28: 19050 | AE28: 19050 | AF28: 19050 | AG28: 19050 | AH28: 19050 | AW28: =+COUNTA(Y28:AV28) -> 6 | AX28: =+AW28=X28 -> TRUE | AY28: =+SUM(Y28:AV28) -> 114300 | AZ28: =+I28=AY28 -> TRUE
A29: PEAK ONE. LLC[山崎裕久(Mr.K)] | B29: C-00074854 | C29: 藤井成行 | D29: nariyvki@gmail.com | E29: 6ヶ月会員（ライト・クレカ自動更新） | F29: 2024/12/07 00:00:00 | G29: 2025/06/20 00:00:00 | H29: クレジットカード（ROBOT） | I29: 114300 | J29: 2 | K29: 0 | L29: 0 | M29: 0 | N29: 0 | O29: 114300 | P29: 0 | Q29: 0 | R29: 0 | S29: 0 | T29: 0 | U29: 0 | V29: 0 | W29: 0 | X29: 6 | AC29: 19050 | AD29: 19050 | AE29: 19050 | AF29: 19050 | AG29: 19050 | AH29: 19050 | AW29: =+COUNTA(Y29:AV29) -> 6 | AX29: =+AW29=X29 -> TRUE | AY29: =+SUM(Y29:AV29) -> 114300 | AZ29: =+I29=AY29 -> TRUE
A30: PEAK ONE. LLC[山崎裕久(Mr.K)] | B30: C-00074851 | C30: 浅田貴大 | D30: takahiro_a_3_9@hotmail.com | E30: 6ヶ月会員（ライト・クレカ自動更新） | F30: 2024/12/21 00:00:00 | G30: 2025/06/20 00:00:00 | H30: クレジットカード（ROBOT） | I30: 114300 | J30: 2 | K30: 0 | L30: 0 | M30: 0 | N30: 0 | O30: 114300 | P30: 0 | Q30: 0 | R30: 0 | S30: 0 | T30: 0 | U30: 0 | V30: 0 | W30: 0 | X30: 6 | AC30: 19050 | AD30: 19050 | AE30: 19050 | AF30: 19050 | AG30: 19050 | AH30: 19050 | AW30: =+COUNTA(Y30:AV30) -> 6 | AX30: =+AW30=X30 -> TRUE | AY30: =+SUM(Y30:AV30) -> 114300 | AZ30: =+I30=AY30 -> TRUE
A31: PEAK ONE. LLC[山崎裕久(Mr.K)] | B31: C-00074843 | C31: 津田祐一 | D31: sin.g0jig0ji@gmail.com | E31: 6ヶ月会員（ライト・クレカ自動更新） | F31: 2024/12/07 00:00:00 | G31: 2025/06/20 00:00:00 | H31: クレジットカード（ROBOT） | I31: 114300 | J31: 2 | K31: 0 | L31: 0 | M31: 0 | N31: 0 | O31: 114300 | P31: 0 | Q31: 0 | R31: 0 | S31: 0 | T31: 0 | U31: 0 | V31: 0 | W31: 0 | X31: 6 | AC31: 19050 | AD31: 19050 | AE31: 19050 | AF31: 19050 | AG31: 19050 | AH31: 19050 | AW31: =+COUNTA(Y31:AV31) -> 6 | AX31: =+AW31=X31 -> TRUE | AY31: =+SUM(Y31:AV31) -> 114300 | AZ31: =+I31=AY31 -> TRUE
A32: PEAK ONE. LLC[山崎裕久(Mr.K)] | B32: C-00074842 | C32: 上野裕之 | D32: vw.16890827@gmail.com | E32: 6ヶ月会員（ライト・クレカ自動更新） | F32: 2024/12/12 00:00:00 | G32: 2025/06/20 00:00:00 | H32: クレジットカード（ROBOT） | I32: 114300 | J32: 2 | K32: 0 | L32: 0 | M32: 0 | N32: 0 | O32: 114300 | P32: 0 | Q32: 0 | R32: 0 | S32: 0 | T32: 0 | U32: 0 | V32: 0 | W32: 0 | X32: 6 | AC32: 19050 | AD32: 19050 | AE32: 19050 | AF32: 19050 | AG32: 19050 | AH32: 19050 | AW32: =+COUNTA(Y32:AV32) -> 6 | AX32: =+AW32=X32 -> TRUE | AY32: =+SUM(Y32:AV32) -> 114300 | AZ32: =+I32=AY32 -> TRUE
A33: PEAK ONE. LLC[山崎裕久(Mr.K)] | B33: C-00074841 | C33: 南出基志 | D33: rumraisin422@gmail.com | E33: 6ヶ月会員（ライト・クレカ自動更新） | F33: 2024/12/08 00:00:00 | G33: 2025/06/20 00:00:00 | H33: クレジットカード（ROBOT） | I33: 114300 | J33: 2 | K33: 0 | L33: 0 | M33: 0 | N33: 0 | O33: 114300 | P33: 0 | Q33: 0 | R33: 0 | S33: 0 | T33: 0 | U33: 0 | V33: 0 | W33: 0 | X33: 6 | AC33: 19050 | AD33: 19050 | AE33: 19050 | AF33: 19050 | AG33: 19050 | AH33: 19050 | AW33: =+COUNTA(Y33:AV33) -> 6 | AX33: =+AW33=X33 -> TRUE | AY33: =+SUM(Y33:AV33) -> 114300 | AZ33: =+I33=AY33 -> TRUE
A34: PEAK ONE. LLC[山崎裕久(Mr.K)] | B34: C-00074838 | C34: 渋谷昇 | D34: supi2016nz@yahoo.co.jp | E34: 6ヶ月会員（ライト・クレカ自動更新） | F34: 2024/12/08 00:00:00 | G34: 2025/06/20 00:00:00 | H34: クレジットカード（ROBOT） | I34: 114300 | J34: 2 | K34: 0 | L34: 0 | M34: 0 | N34: 0 | O34: 114300 | P34: 0 | Q34: 0 | R34: 0 | S34: 0 | T34: 0 | U34: 0 | V34: 0 | W34: 0 | X34: 6 | AC34: 19050 | AD34: 19050 | AE34: 19050 | AF34: 19050 | AG34: 19050 | AH34: 19050 | AW34: =+COUNTA(Y34:AV34) -> 6 | AX34: =+AW34=X34 -> TRUE | AY34: =+SUM(Y34:AV34) -> 114300 | AZ34: =+I34=AY34 -> TRUE
A35: PEAK ONE. LLC[山崎裕久(Mr.K)] | B35: C-00074831 | C35: 北原悟史 | D35: kita1976.com@gmail.com | E35: 6ヶ月会員（ライト・クレカ自動更新） | F35: 2024/12/18 00:00:00 | G35: 2025/06/20 00:00:00 | H35: クレジットカード（ROBOT） | I35: 114300 | J35: 2 | K35: 0 | L35: 0 | M35: 0 | N35: 0 | O35: 114300 | P35: 0 | Q35: 0 | R35: 0 | S35: 0 | T35: 0 | U35: 0 | V35: 0 | W35: 0 | X35: 6 | AC35: 19050 | AD35: 19050 | AE35: 19050 | AF35: 19050 | AG35: 19050 | AH35: 19050 | AW35: =+COUNTA(Y35:AV35) -> 6 | AX35: =+AW35=X35 -> TRUE | AY35: =+SUM(Y35:AV35) -> 114300 | AZ35: =+I35=AY35 -> TRUE
A36: PEAK ONE. LLC[山崎裕久(Mr.K)] | B36: C-00074830 | C36: 西木教子 | D36: ririmaru.0406@gmail.com | E36: 6ヶ月会員（ライト・クレカ自動更新） | F36: 2024/12/11 00:00:00 | G36: 2025/06/20 00:00:00 | H36: クレジットカード（ROBOT） | I36: 114300 | J36: 2 | K36: 0 | L36: 0 | M36: 0 | N36: 0 | O36: 114300 | P36: 0 | Q36: 0 | R36: 0 | S36: 0 | T36: 0 | U36: 0 | V36: 0 | W36: 0 | X36: 6 | AC36: 19050 | AD36: 19050 | AE36: 19050 | AF36: 19050 | AG36: 19050 | AH36: 19050 | AW36: =+COUNTA(Y36:AV36) -> 6 | AX36: =+AW36=X36 -> TRUE | AY36: =+SUM(Y36:AV36) -> 114300 | AZ36: =+I36=AY36 -> TRUE
... A42: PEAK ONE. LLC[山崎裕久(Mr.K)] | B42: C-00074810 | C42: 酒井康輔 | D42: skoosuke5@yahoo.co.jp | E42: 6ヶ月会員（ライト・クレカ自動更新） | F42: 2024/12/08 00:00:00 | G42: 2025/06/20 00:00:00 | H42: クレジットカード（ROBOT） | I42: 114300 | J42: 2 | K42: 0 | L42: 0 | M42: 0 | N42: 0 | O42: 114300 | P42: 0 | Q42: 0 | R42: 0 | S42: 0 | T42: 0 | U42: 0 | V42: 0 | W42: 0 | X42: 6 | AC42: 19050 | AD42: 19050 | AE42: 19050 | AF42: 19050 | AG42: 19050 | AH42: 19050 | AW42: =+COUNTA(Y42:AV42) -> 6 | AX42: =+AW42=X42 -> TRUE | AY42: =+SUM(Y42:AV42) -> 114300 | AZ42: =+I42=AY42 -> TRUE
A43: PEAK ONE. LLC[山崎裕久(Mr.K)] | B43: C-00074806 | C43: 馬上尚樹 | D43: magami.naoki@takenaka.cn | E43: 3ヶ月会員（ライト・クレカ自動更新） | F43: 2024/12/12 00:00:00 | G43: 2025/03/20 00:00:00 | H43: クレジットカード（ROBOT） | I43: 59400 | J43: 2 | K43: 0 | L43: 59400 | M43: 0 | N43: 0 | O43: 0 | P43: 0 | Q43: 0 | R43: 0 | S43: 0 | T43: 0 | U43: 0 | V43: 0 | W43: 0 | X43: 3 | Z43: 19800 | AA43: 19800 | AB43: 19800 | AW43: =+COUNTA(Y43:AV43) -> 3 | AX43: =+AW43=X43 -> TRUE | AY43: =+SUM(Y43:AV43) -> 59400 | AZ43: =+I43=AY43 -> TRUE
A44: PEAK ONE. LLC[山崎裕久(Mr.K)] | B44: C-00074803 | C44: 上村千賀子 | D44: purple_yellow007-shop10@yahoo.co.jp | E44: 6ヶ月会員（ライト・クレカ自動更新） | F44: 2024/12/15 00:00:00 | G44: 2025/06/20 00:00:00 | H44: クレジットカード（ROBOT） | I44: 114300 | J44: 2 | K44: 0 | L44: 0 | M44: 0 | N44: 0 | O44: 114300 | P44: 0 | Q44: 0 | R44: 0 | S44: 0 | T44: 0 | U44: 0 | V44: 0 | W44: 0 | X44: 6 | AC44: 19050 | AD44: 19050 | AE44: 19050 | AF44: 19050 | AG44: 19050 | AH44: 19050 | AW44: =+COUNTA(Y44:AV44) -> 6 | AX44: =+AW44=X44 -> TRUE | AY44: =+SUM(Y44:AV44) -> 114300 | AZ44: =+I44=AY44 -> TRUE
A45: PEAK ONE. LLC[山崎裕久(Mr.K)] | B45: C-00074801 | C45: 加藤克昭 | D45: necc1234-ver1@yahoo.co.jp | E45: 6ヶ月会員（ライト・クレカ自動更新） | F45: 2024/12/09 00:00:00 | G45: 2025/06/20 00:00:00 | H45: クレジットカード（ROBOT） | I45: 114300 | J45: 2 | K45: 0 | L45: 0 | M45: 0 | N45: 0 | O45: 114300 | P45: 0 | Q45: 0 | R45: 0 | S45: 0 | T45: 0 | U45: 0 | V45: 0 | W45: 0 | X45: 6 | AC45: 19050 | AD45: 19050 | AE45: 19050 | AF45: 19050 | AG45: 19050 | AH45: 19050 | AW45: =+COUNTA(Y45:AV45) -> 6 | AX45: =+AW45=X45 -> TRUE | AY45: =+SUM(Y45:AV45) -> 114300 | AZ45: =+I45=AY45 -> TRUE
A46: PEAK ONE. LLC[山崎裕久(Mr.K)] | B46: C-00074800 | C46: 俵慎一 | D46: tawaras@mug.biglobe.ne.jp | E46: 6ヶ月会員（ライト・クレカ自動更新） | F46: 2024/12/06 00:00:00 | G46: 2025/06/20 00:00:00 | H46: クレジットカード（ROBOT） | I46: 114300 | J46: 2 | K46: 0 | L46: 0 | M46: 0 | N46: 0 | O46: 114300 | P46: 0 | Q46: 0 | R46: 0 | S46: 0 | T46: 0 | U46: 0 | V46: 0 | W46: 0 | X46: 6 | AC46: 19050 | AD46: 19050 | AE46: 19050 | AF46: 19050 | AG46: 19050 | AH46: 19050 | AW46: =+COUNTA(Y46:AV46) -> 6 | AX46: =+AW46=X46 -> TRUE | AY46: =+SUM(Y46:AV46) -> 114300 | AZ46: =+I46=AY46 -> TRUE
A47: PEAK ONE. LLC[山崎裕久(Mr.K)] | B47: C-00074793 | C47: 木村典子 | D47: noriko47kimura@gmail.com | E47: 6ヶ月会員（ライト・クレカ自動更新） | F47: 2024/12/07 00:00:00 | G47: 2025/06/20 00:00:00 | H47: クレジットカード（ROBOT） | I47: 114300 | J47: 2 | K47: 0 | L47: 0 | M47: 0 | N47: 0 | O47: 114300 | P47: 0 | Q47: 0 | R47: 0 | S47: 0 | T47: 0 | U47: 0 | V47: 0 | W47: 0 | X47: 6 | AC47: 19050 | AD47: 19050 | AE47: 19050 | AF47: 19050 | AG47: 19050 | AH47: 19050 | AW47: =+COUNTA(Y47:AV47) -> 6 | AX47: =+AW47=X47 -> TRUE | AY47: =+SUM(Y47:AV47) -> 114300 | AZ47: =+I47=AY47 -> TRUE
A48: PEAK ONE. LLC[山崎裕久(Mr.K)] | B48: C-00074782 | C48: 鈴木秀雄 | D48: oak4621@gmail.com | E48: 6ヶ月会員（ライト・クレカ自動更新） | F48: 2024/12/09 00:00:00 | G48: 2025/06/20 00:00:00 | H48: クレジットカード（ROBOT） | I48: 114300 | J48: 2 | K48: 0 | L48: 0 | M48: 0 | N48: 0 | O48: 114300 | P48: 0 | Q48: 0 | R48: 0 | S48: 0 | T48: 0 | U48: 0 | V48: 0 | W48: 0 | X48: 6 | AC48: 19050 | AD48: 19050 | AE48: 19050 | AF48: 19050 | AG48: 19050 | AH48: 19050 | AW48: =+COUNTA(Y48:AV48) -> 6 | AX48: =+AW48=X48 -> TRUE | AY48: =+SUM(Y48:AV48) -> 114300 | AZ48: =+I48=AY48 -> TRUE
A49: PEAK ONE. LLC[山崎裕久(Mr.K)] | B49: C-00074777 | C49: 林健一 | D49: bikinokobuta0921@yahoo.co.jp | E49: 3ヶ月会員（ライト・クレカ自動更新） | F49: 2024/12/07 00:00:00 | G49: 2025/03/20 00:00:00 | H49: クレジットカード（ROBOT） | I49: 59400 | J49: 2 | K49: 0 | L49: 59400 | M49: 0 | N49: 0 | O49: 0 | P49: 0 | Q49: 0 | R49: 0 | S49: 0 | T49: 0 | U49: 0 | V49: 0 | W49: 0 | X49: 3 | Z49: 19800 | AA49: 19800 | AB49: 19800 | AW49: =+COUNTA(Y49:AV49) -> 3 | AX49: =+AW49=X49 -> TRUE | AY49: =+SUM(Y49:AV49) -> 59400 | AZ49: =+I49=AY49 -> TRUE
A50: PEAK ONE. LLC[山崎裕久(Mr.K)] | B50: C-00074776 | C50: 福田千浩 | D50: chihiro_f83@yahoo.co.jp | E50: 3ヶ月会員（ライト・クレカ自動更新） | F50: 2024/12/23 00:00:00 | G50: 2025/03/20 00:00:00 | H50: クレジットカード（ROBOT） | I50: 59400 | J50: 2 | K50: 0 | L50: 59400 | M50: 0 | N50: 0 | O50: 0 | P50: 0 | Q50: 0 | R50: 0 | S50: 0 | T50: 0 | U50: 0 | V50: 0 | W50: 0 | X50: 3 | Z50: 19800 | AA50: 19800 | AB50: 19800 | AW50: =+COUNTA(Y50:AV50) -> 3 | AX50: =+AW50=X50 -> TRUE | AY50: =+SUM(Y50:AV50) -> 59400 | AZ50: =+I50=AY50 -> TRUE
A51: PEAK ONE. LLC[山崎裕久(Mr.K)] | B51: C-00074773 | C51: 大屋富志光 | D51: ootoshiya@yahoo.co.jp | E51: 6ヶ月会員（ライト・クレカ自動更新） | F51: 2024/12/23 00:00:00 | G51: 2025/06/20 00:00:00 | H51: クレジットカード（ROBOT） | I51: 114300 | J51: 2 | K51: 0 | L51: 0 | M51: 0 | N51: 0 | O51: 114300 | P51: 0 | Q51: 0 | R51: 0 | S51: 0 | T51: 0 | U51: 0 | V51: 0 | W51: 0 | X51: 6 | AC51: 19050 | AD51: 19050 | AE51: 19050 | AF51: 19050 | AG51: 19050 | AH51: 19050 | AW51: =+COUNTA(Y51:AV51) -> 6 | AX51: =+AW51=X51 -> TRUE | AY51: =+SUM(Y51:AV51) -> 114300 | AZ51: =+I51=AY51 -> TRUE
A52: PEAK ONE. LLC[山崎裕久(Mr.K)] | B52: C-00074770 | C52: 薗田雅樹 | D52: sonomasa1113@gmail.com | E52: 6ヶ月会員（ライト・クレカ自動更新） | F52: 2024/12/20 00:00:00 | G52: 2025/06/20 00:00:00 | H52: クレジットカード（ROBOT） | I52: 114300 | J52: 2 | K52: 0 | L52: 0 | M52: 0 | N52: 0 | O52: 114300 | P52: 0 | Q52: 0 | R52: 0 | S52: 0 | T52: 0 | U52: 0 | V52: 0 | W52: 0 | X52: 6 | AC52: 19050 | AD52: 19050 | AE52: 19050 | AF52: 19050 | AG52: 19050 | AH52: 19050 | AW52: =+COUNTA(Y52:AV52) -> 6 | AX52: =+AW52=X52 -> TRUE | AY52: =+SUM(Y52:AV52) -> 114300 | AZ52: =+I52=AY52 -> TRUE
A53: PEAK ONE. LLC[山崎裕久(Mr.K)] | B53: C-00074768 | C53: 日下部博紀 | D53: fam.hirokikusakabe@gmail.com | E53: 6ヶ月会員（ライト・クレカ自動更新） | F53: 2024/12/23 00:00:00 | G53: 2025/06/20 00:00:00 | H53: クレジットカード（ROBOT） | I53: 114300 | J53: 2 | K53: 0 | L53: 0 | M53: 0 | N53: 0 | O53: 114300 | P53: 0 | Q53: 0 | R53: 0 | S53: 0 | T53: 0 | U53: 0 | V53: 0 | W53: 0 | X53: 6 | AC53: 19050 | AD53: 19050 | AE53: 19050 | AF53: 19050 | AG53: 19050 | AH53: 19050 | AW53: =+COUNTA(Y53:AV53) -> 6 | AX53: =+AW53=X53 -> TRUE | AY53: =+SUM(Y53:AV53) -> 114300 | AZ53: =+I53=AY53 -> TRUE
A54: PEAK ONE. LLC[山崎裕久(Mr.K)] | B54: C-00074766 | C54: 清水勉 | D54: shimizu.cleartrade@gmail.com | E54: 6ヶ月会員（ライト・クレカ自動更新） | F54: 2024/12/09 00:00:00 | G54: 2025/06/20 00:00:00 | H54: クレジットカード（ROBOT） | I54: 114300 | J54: 2 | K54: 0 | L54: 0 | M54: 0 | N54: 0 | O54: 114300 | P54: 0 | Q54: 0 | R54: 0 | S54: 0 | T54: 0 | U54: 0 | V54: 0 | W54: 0 | X54: 6 | AC54: 19050 | AD54: 19050 | AE54: 19050 | AF54: 19050 | AG54: 19050 | AH54: 19050 | AW54: =+COUNTA(Y54:AV54) -> 6 | AX54: =+AW54=X54 -> TRUE | AY54: =+SUM(Y54:AV54) -> 114300 | AZ54: =+I54=AY54 -> TRUE
A55: PEAK ONE. LLC[山崎裕久(Mr.K)] | B55: C-00074765 | C55: 計良健太 | D55: health_beauty_cool_wing@yahoo.co.jp | E55: 6ヶ月会員（ライト・クレカ自動更新） | F55: 2024/12/15 00:00:00 | G55: 2025/06/20 00:00:00 | H55: クレジットカード（ROBOT） | I55: 114300 | J55: 2 | K55: 0 | L55: 0 | M55: 0 | N55: 0 | O55: 114300 | P55: 0 | Q55: 0 | R55: 0 | S55: 0 | T55: 0 | U55: 0 | V55: 0 | W55: 0 | X55: 6 | AC55: 19050 | AD55: 19050 | AE55: 19050 | AF55: 19050 | AG55: 19050 | AH55: 19050 | AW55: =+COUNTA(Y55:AV55) -> 6 | AX55: =+AW55=X55 -> TRUE | AY55: =+SUM(Y55:AV55) -> 114300 | AZ55: =+I55=AY55 -> TRUE
A56: PEAK ONE. LLC[山崎裕久(Mr.K)] | B56: C-00074759 | C56: 岡本成美 | D56: okamoto900@hotmail.com | E56: 3ヶ月会員（ライト・クレカ自動更新） | F56: 2024/12/16 00:00:00 | G56: 2025/03/20 00:00:00 | H56: クレジットカード（ROBOT） | I56: 59400 | J56: 2 | K56: 0 | L56: 59400 | M56: 0 | N56: 0 | O56: 0 | P56: 0 | Q56: 0 | R56: 0 | S56: 0 | T56: 0 | U56: 0 | V56: 0 | W56: 0 | X56: 3 | Z56: 19800 | AA56: 19800 | AB56: 19800 | AW56: =+COUNTA(Y56:AV56) -> 3 | AX56: =+AW56=X56 -> TRUE | AY56: =+SUM(Y56:AV56) -> 59400 | AZ56: =+I56=AY56 -> TRUE
A57: PEAK ONE. LLC[山崎裕久(Mr.K)] | B57: C-00074758 | C57: 中村昌利 | D57: masemateka939@gmail.com | E57: 3ヶ月会員（ライト・クレカ自動更新） | F57: 2024/12/08 00:00:00 | G57: 2025/03/20 00:00:00 | H57: クレジットカード（ROBOT） | I57: 59400 | J57: 2 | K57: 0 | L57: 59400 | M57: 0 | N57: 0 | O57: 0 | P57: 0 | Q57: 0 | R57: 0 | S57: 0 | T57: 0 | U57: 0 | V57: 0 | W57: 0 | X57: 3 | Z57: 19800 | AA57: 19800 | AB57: 19800 | AW57: =+COUNTA(Y57:AV57) -> 3 | AX57: =+AW57=X57 -> TRUE | AY57: =+SUM(Y57:AV57) -> 59400 | AZ57: =+I57=AY57 -> TRUE
A58: PEAK ONE. LLC[山崎裕久(Mr.K)] | B58: C-00074757 | C58: 高橋昇 | D58: noboru-takahashi@ezweb.ne.jp | E58: 6ヶ月会員（ライト・クレカ自動更新） | F58: 2024/12/11 00:00:00 | G58: 2025/06/20 00:00:00 | H58: クレジットカード（ROBOT） | I58: 114300 | J58: 2 | K58: 0 | L58: 0 | M58: 0 | N58: 0 | O58: 114300 | P58: 0 | Q58: 0 | R58: 0 | S58: 0 | T58: 0 | U58: 0 | V58: 0 | W58: 0 | X58: 6 | AC58: 19050 | AD58: 19050 | AE58: 19050 | AF58: 19050 | AG58: 19050 | AH58: 19050 | AW58: =+COUNTA(Y58:AV58) -> 6 | AX58: =+AW58=X58 -> TRUE | AY58: =+SUM(Y58:AV58) -> 114300 | AZ58: =+I58=AY58 -> TRUE
A59: PEAK ONE. LLC[山崎裕久(Mr.K)] | B59: C-00074755 | C59: 平野信一 | D59: hirano4141@gmail.com | E59: 6ヶ月会員（ライト・クレカ自動更新） | F59: 2024/12/18 00:00:00 | G59: 2025/06/20 00:00:00 | H59: クレジットカード（ROBOT） | I59: 114300 | J59: 2 | K59: 0 | L59: 0 | M59: 0 | N59: 0 | O59: 114300 | P59: 0 | Q59: 0 | R59: 0 | S59: 0 | T59: 0 | U59: 0 | V59: 0 | W59: 0 | X59: 6 | AC59: 19050 | AD59: 19050 | AE59: 19050 | AF59: 19050 | AG59: 19050 | AH59: 19050 | AW59: =+COUNTA(Y59:AV59) -> 6 | AX59: =+AW59=X59 -> TRUE | AY59: =+SUM(Y59:AV59) -> 114300 | AZ59: =+I59=AY59 -> TRUE
A60: PEAK ONE. LLC[山崎裕久(Mr.K)] | B60: C-00074751 | C60: 田村剛 | D60: investmentfrom40@gmail.com | E60: 6ヶ月会員（ライト・クレカ自動更新） | F60: 2024/12/19 00:00:00 | G60: 2025/06/20 00:00:00 | H60: クレジットカード（ROBOT） | I60: 114300 | J60: 2 | K60: 0 | L60: 0 | M60: 0 | N60: 0 | O60: 114300 | P60: 0 | Q60: 0 | R60: 0 | S60: 0 | T60: 0 | U60: 0 | V60: 0 | W60: 0 | X60: 6 | AC60: 19050 | AD60: 19050 | AE60: 19050 | AF60: 19050 | AG60: 19050 | AH60: 19050 | AW60: =+COUNTA(Y60:AV60) -> 6 | AX60: =+AW60=X60 -> TRUE | AY60: =+SUM(Y60:AV60) -> 114300 | AZ60: =+I60=AY60 -> TRUE
A61: PEAK ONE. LLC[山崎裕久(Mr.K)] | B61: C-00074750 | C61: 恵本和佳子 | D61: istan8@gmail.com | E61: 3ヶ月会員（ライト・クレカ自動更新） | F61: 2024/12/09 00:00:00 | G61: 2025/03/20 00:00:00 | H61: クレジットカード（ROBOT） | I61: 59400 | J61: 2 | K61: 0 | L61: 59400 | M61: 0 | N61: 0 | O61: 0 | P61: 0 | Q61: 0 | R61: 0 | S61: 0 | T61: 0 | U61: 0 | V61: 0 | W61: 0 | X61: 3 | Z61: 19800 | AA61: 19800 | AB61: 19800 | AW61: =+COUNTA(Y61:AV61) -> 3 | AX61: =+AW61=X61 -> TRUE | AY61: =+SUM(Y61:AV61) -> 59400 | AZ61: =+I61=AY61 -> TRUE
A62: PEAK ONE. LLC[山崎裕久(Mr.K)] | B62: C-00074749 | C62: 中村沙也子 | D62: sayakoa24@yahoo.co.jp | E62: 3ヶ月会員（ライト・クレカ自動更新） | F62: 2024/12/23 00:00:00 | G62: 2025/03/20 00:00:00 | H62: クレジットカード（ROBOT） | I62: 59400 | J62: 2 | K62: 0 | L62: 59400 | M62: 0 | N62: 0 | O62: 0 | P62: 0 | Q62: 0 | R62: 0 | S62: 0 | T62: 0 | U62: 0 | V62: 0 | W62: 0 | X62: 3 | Z62: 19800 | AA62: 19800 | AB62: 19800 | AW62: =+COUNTA(Y62:AV62) -> 3 | AX62: =+AW62=X62 -> TRUE | AY62: =+SUM(Y62:AV62) -> 59400 | AZ62: =+I62=AY62 -> TRUE
A63: PEAK ONE. LLC[山崎裕久(Mr.K)] | B63: C-00074748 | C63: 浅野秀文 | D63: asanohide@me.com | E63: 3ヶ月会員（ライト・クレカ自動更新） | F63: 2024/12/19 00:00:00 | G63: 2025/03/20 00:00:00 | H63: クレジットカード（ROBOT） | I63: 59400 | J63: 2 | K63: 0 | L63: 59400 | M63: 0 | N63: 0 | O63: 0 | P63: 0 | Q63: 0 | R63: 0 | S63: 0 | T63: 0 | U63: 0 | V63: 0 | W63: 0 | X63: 3 | Z63: 19800 | AA63: 19800 | AB63: 19800 | AW63: =+COUNTA(Y63:AV63) -> 3 | AX63: =+AW63=X63 -> TRUE | AY63: =+SUM(Y63:AV63) -> 59400 | AZ63: =+I63=AY63 -> TRUE
A64: PEAK ONE. LLC[山崎裕久(Mr.K)] | B64: C-00074746 | C64: 溝呂木ゆみ子 | D64: mizorogimimi@gmail.com | E64: 3ヶ月会員（ライト・クレカ自動更新） | F64: 2024/12/09 00:00:00 | G64: 2025/03/20 00:00:00 | H64: クレジットカード（ROBOT） | I64: 59400 | J64: 2 | K64: 0 | L64: 59400 | M64: 0 | N64: 0 | O64: 0 | P64: 0 | Q64: 0 | R64: 0 | S64: 0 | T64: 0 | U64: 0 | V64: 0 | W64: 0 | X64: 3 | Z64: 19800 | AA64: 19800 | AB64: 19800 | AW64: =+COUNTA(Y64:AV64) -> 3 | AX64: =+AW64=X64 -> TRUE | AY64: =+SUM(Y64:AV64) -> 59400 | AZ64: =+I64=AY64 -> TRUE
A65: PEAK ONE. LLC[山崎裕久(Mr.K)] | B65: C-00074745 | C65: 野村和史 | D65: kazuuka920@kdt.biglobe.ne.jp | E65: 6ヶ月会員（ライト・クレカ自動更新） | F65: 2024/12/07 00:00:00 | G65: 2025/06/20 00:00:00 | H65: クレジットカード（ROBOT） | I65: 114300 | J65: 2 | K65: 0 | L65: 0 | M65: 0 | N65: 0 | O65: 114300 | P65: 0 | Q65: 0 | R65: 0 | S65: 0 | T65: 0 | U65: 0 | V65: 0 | W65: 0 | X65: 6 | AC65: 19050 | AD65: 19050 | AE65: 19050 | AF65: 19050 | AG65: 19050 | AH65: 19050 | AW65: =+COUNTA(Y65:AV65) -> 6 | AX65: =+AW65=X65 -> TRUE | AY65: =+SUM(Y65:AV65) -> 114300 | AZ65: =+I65=AY65 -> TRUE
A66: PEAK ONE. LLC[山崎裕久(Mr.K)] | B66: C-00074743 | C66: 光山精一 | D66: hikari82172@gmail.com | E66: 6ヶ月会員（ライト・クレカ自動更新） | F66: 2024/12/07 00:00:00 | G66: 2025/06/20 00:00:00 | H66: クレジットカード（ROBOT） | I66: 114300 | J66: 2 | K66: 0 | L66: 0 | M66: 0 | N66: 0 | O66: 114300 | P66: 0 | Q66: 0 | R66: 0 | S66: 0 | T66: 0 | U66: 0 | V66: 0 | W66: 0 | X66: 6 | AC66: 19050 | AD66: 19050 | AE66: 19050 | AF66: 19050 | AG66: 19050 | AH66: 19050 | AW66: =+COUNTA(Y66:AV66) -> 6 | AX66: =+AW66=X66 -> TRUE | AY66: =+SUM(Y66:AV66) -> 114300 | AZ66: =+I66=AY66 -> TRUE
A67: PEAK ONE. LLC[山崎裕久(Mr.K)] | B67: C-00074742 | C67: 五島大輔 | D67: bruno1002@outlook.jp | E67: 6ヶ月会員（ライト・クレカ自動更新） | F67: 2024/12/07 00:00:00 | G67: 2025/06/20 00:00:00 | H67: クレジットカード（ROBOT） | I67: 114300 | J67: 2 | K67: 0 | L67: 0 | M67: 0 | N67: 0 | O67: 114300 | P67: 0 | Q67: 0 | R67: 0 | S67: 0 | T67: 0 | U67: 0 | V67: 0 | W67: 0 | X67: 6 | AC67: 19050 | AD67: 19050 | AE67: 19050 | AF67: 19050 | AG67: 19050 | AH67: 19050 | AW67: =+COUNTA(Y67:AV67) -> 6 | AX67: =+AW67=X67 -> TRUE | AY67: =+SUM(Y67:AV67) -> 114300 | AZ67: =+I67=AY67 -> TRUE
A68: PEAK ONE. LLC[山崎裕久(Mr.K)] | B68: C-00074738 | C68: 内山友浩 | D68: teamcrystal@yahoo.co.jp | E68: 6ヶ月会員（ライト・クレカ自動更新） | F68: 2024/12/18 00:00:00 | G68: 2025/06/20 00:00:00 | H68: クレジットカード（ROBOT） | I68: 114300 | J68: 2 | K68: 0 | L68: 0 | M68: 0 | N68: 0 | O68: 114300 | P68: 0 | Q68: 0 | R68: 0 | S68: 0 | T68: 0 | U68: 0 | V68: 0 | W68: 0 | X68: 6 | AC68: 19050 | AD68: 19050 | AE68: 19050 | AF68: 19050 | AG68: 19050 | AH68: 19050 | AW68: =+COUNTA(Y68:AV68) -> 6 | AX68: =+AW68=X68 -> TRUE | AY68: =+SUM(Y68:AV68) -> 114300 | AZ68: =+I68=AY68 -> TRUE
A69: PEAK ONE. LLC[山崎裕久(Mr.K)] | B69: C-00074737 | C69: 小島日高 | D69: nidasky.sol8@gmail.com | E69: 6ヶ月会員（ライト・クレカ自動更新） | F69: 2024/12/07 00:00:00 | G69: 2025/06/20 00:00:00 | H69: クレジットカード（ROBOT） | I69: 114300 | J69: 2 | K69: 0 | L69: 0 | M69: 0 | N69: 0 | O69: 114300 | P69: 0 | Q69: 0 | R69: 0 | S69: 0 | T69: 0 | U69: 0 | V69: 0 | W69: 0 | X69: 6 | AC69: 19050 | AD69: 19050 | AE69: 19050 | AF69: 19050 | AG69: 19050 | AH69: 19050 | AW69: =+COUNTA(Y69:AV69) -> 6 | AX69: =+AW69=X69 -> TRUE | AY69: =+SUM(Y69:AV69) -> 114300 | AZ69: =+I69=AY69 -> TRUE
A70: PEAK ONE. LLC[山崎裕久(Mr.K)] | B70: C-00074736 | C70: 西村洋一 | D70: nyoichi_2468@yahoo.co.jp | E70: 6ヶ月会員（ライト・クレカ自動更新） | F70: 2024/12/08 00:00:00 | G70: 2025/06/20 00:00:00 | H70: クレジットカード（ROBOT） | I70: 114300 | J70: 2 | K70: 0 | L70: 0 | M70: 0 | N70: 0 | O70: 114300 | P70: 0 | Q70: 0 | R70: 0 | S70: 0 | T70: 0 | U70: 0 | V70: 0 | W70: 0 | X70: 6 | AC70: 19050 | AD70: 19050 | AE70: 19050 | AF70: 19050 | AG70: 19050 | AH70: 19050 | AW70: =+COUNTA(Y70:AV70) -> 6 | AX70: =+AW70=X70 -> TRUE | AY70: =+SUM(Y70:AV70) -> 114300 | AZ70: =+I70=AY70 -> TRUE
A71: PEAK ONE. LLC[山崎裕久(Mr.K)] | B71: C-00074731 | C71: 戸塚尚 | D71: takashi_tozuka@hotmail.com | E71: 6ヶ月会員（ライト・クレカ自動更新） | F71: 2024/12/08 00:00:00 | G71: 2025/06/20 00:00:00 | H71: クレジットカード（ROBOT） | I71: 114300 | J71: 2 | K71: 0 | L71: 0 | M71: 0 | N71: 0 | O71: 114300 | P71: 0 | Q71: 0 | R71: 0 | S71: 0 | T71: 0 | U71: 0 | V71: 0 | W71: 0 | X71: 6 | AC71: 19050 | AD71: 19050 | AE71: 19050 | AF71: 19050 | AG71: 19050 | AH71: 19050 | AW71: =+COUNTA(Y71:AV71) -> 6 | AX71: =+AW71=X71 -> TRUE | AY71: =+SUM(Y71:AV71) -> 114300 | AZ71: =+I71=AY71 -> TRUE
A72: PEAK ONE. LLC[山崎裕久(Mr.K)] | B72: C-00074723 | C72: 東稔行 | D72: ryugukaihatsu@gmail.com | E72: 銀振会員（更新要ｶｸﾆﾝ）6ヶ月 | F72: 2024/12/23 00:00:00 | G72: 2025/06/20 00:00:00 | H72: 銀行振込（ROBOT） | I72: 114300 | J72: 1 | K72: 0 | L72: 0 | M72: 0 | N72: 0 | O72: 114300 | P72: 0 | Q72: 0 | R72: 0 | S72: 0 | T72: 0 | U72: 0 | V72: 0 | W72: 0 | X72: 6 | AC72: 19050 | AD72: 19050 | AE72: 19050 | AF72: 19050 | AG72: 19050 | AH72: 19050 | AW72: =+COUNTA(Y72:AV72) -> 6 | AX72: =+AW72=X72 -> TRUE | AY72: =+SUM(Y72:AV72) -> 114300 | AZ72: =+I72=AY72 -> TRUE
A73: PEAK ONE. LLC[山崎裕久(Mr.K)] | B73: C-00074721 | C73: 小野嘉洋 | D73: onokayou@yahoo.co.jp | E73: 銀振会員（更新要ｶｸﾆﾝ）6ヶ月 | F73: 2024/12/13 00:00:00 | G73: 2025/06/20 00:00:00 | H73: 銀行振込（ROBOT） | I73: 114300 | J73: 1 | K73: 0 | L73: 0 | M73: 0 | N73: 0 | O73: 114300 | P73: 0 | Q73: 0 | R73: 0 | S73: 0 | T73: 0 | U73: 0 | V73: 0 | W73: 0 | X73: 6 | AC73: 19050 | AD73: 19050 | AE73: 19050 | AF73: 19050 | AG73: 19050 | AH73: 19050 | AW73: =+COUNTA(Y73:AV73) -> 6 | AX73: =+AW73=X73 -> TRUE | AY73: =+SUM(Y73:AV73) -> 114300 | AZ73: =+I73=AY73 -> TRUE
A74: PEAK ONE. LLC[山崎裕久(Mr.K)] | B74: C-00074720 | C74: 藤江忠 | D74: chuuz123daa@gmail.com | E74: 6ヶ月会員（ライト・クレカ自動更新） | F74: 2024/12/13 00:00:00 | G74: 2025/06/20 00:00:00 | H74: クレジットカード（ROBOT） | I74: 114300 | J74: 2 | K74: 0 | L74: 0 | M74: 0 | N74: 0 | O74: 114300 | P74: 0 | Q74: 0 | R74: 0 | S74: 0 | T74: 0 | U74: 0 | V74: 0 | W74: 0 | X74: 6 | AC74: 19050 | AD74: 19050 | AE74: 19050 | AF74: 19050 | AG74: 19050 | AH74: 19050 | AW74: =+COUNTA(Y74:AV74) -> 6 | AX74: =+AW74=X74 -> TRUE | AY74: =+SUM(Y74:AV74) -> 114300 | AZ74: =+I74=AY74 -> TRUE
A75: PEAK ONE. LLC[山崎裕久(Mr.K)] | B75: C-00074718 | C75: 野々村真悟 | D75: nono4n5@gmail.com | E75: 3ヶ月会員（ライト・クレカ自動更新） | F75: 2024/12/22 00:00:00 | G75: 2025/03/20 00:00:00 | H75: クレジットカード（ROBOT） | I75: 59400 | J75: 2 | K75: 0 | L75: 59400 | M75: 0 | N75: 0 | O75: 0 | P75: 0 | Q75: 0 | R75: 0 | S75: 0 | T75: 0 | U75: 0 | V75: 0 | W75: 0 | X75: 3 | Z75: 19800 | AA75: 19800 | AB75: 19800 | AW75: =+COUNTA(Y75:AV75) -> 3 | AX75: =+AW75=X75 -> TRUE | AY75: =+SUM(Y75:AV75) -> 59400 | AZ75: =+I75=AY75 -> TRUE
A76: PEAK ONE. LLC[山崎裕久(Mr.K)] | B76: C-00074709 | C76: 升本晶子 | D76: akomasumoto@gmail.com | E76: 6ヶ月会員（ライト・クレカ自動更新） | F76: 2024/12/07 00:00:00 | G76: 2025/06/20 00:00:00 | H76: クレジットカード（ROBOT） | I76: 114300 | J76: 2 | K76: 0 | L76: 0 | M76: 0 | N76: 0 | O76: 114300 | P76: 0 | Q76: 0 | R76: 0 | S76: 0 | T76: 0 | U76: 0 | V76: 0 | W76: 0 | X76: 6 | AC76: 19050 | AD76: 19050 | AE76: 19050 | AF76: 19050 | AG76: 19050 | AH76: 19050 | AW76: =+COUNTA(Y76:AV76) -> 6 | AX76: =+AW76=X76 -> TRUE | AY76: =+SUM(Y76:AV76) -> 114300 | AZ76: =+I76=AY76 -> TRUE
A77: PEAK ONE. LLC[山崎裕久(Mr.K)] | B77: C-00074696 | C77: 下山浩一 | D77: ks1964326@docomo.ne.jp | E77: 6ヶ月会員（ライト・クレカ自動更新） | F77: 2024/12/07 00:00:00 | G77: 2025/06/20 00:00:00 | H77: クレジットカード（ROBOT） | I77: 114300 | J77: 2 | K77: 0 | L77: 0 | M77: 0 | N77: 0 | O77: 114300 | P77: 0 | Q77: 0 | R77: 0 | S77: 0 | T77: 0 | U77: 0 | V77: 0 | W77: 0 | X77: 6 | AC77: 19050 | AD77: 19050 | AE77: 19050 | AF77: 19050 | AG77: 19050 | AH77: 19050 | AW77: =+COUNTA(Y77:AV77) -> 6 | AX77: =+AW77=X77 -> TRUE | AY77: =+SUM(Y77:AV77) -> 114300 | AZ77: =+I77=AY77 -> TRUE
A78: PEAK ONE. LLC[山崎裕久(Mr.K)] | B78: C-00074695 | C78: 青木精一朗 | D78: dorasa1515@gmail.com | E78: 6ヶ月会員（ライト・クレカ自動更新） | F78: 2024/12/09 00:00:00 | G78: 2025/06/20 00:00:00 | H78: クレジットカード（ROBOT） | I78: 114300 | J78: 2 | K78: 0 | L78: 0 | M78: 0 | N78: 0 | O78: 114300 | P78: 0 | Q78: 0 | R78: 0 | S78: 0 | T78: 0 | U78: 0 | V78: 0 | W78: 0 | X78: 6 | AC78: 19050 | AD78: 19050 | AE78: 19050 | AF78: 19050 | AG78: 19050 | AH78: 19050 | AW78: =+COUNTA(Y78:AV78) -> 6 | AX78: =+AW78=X78 -> TRUE | AY78: =+SUM(Y78:AV78) -> 114300 | AZ78: =+I78=AY78 -> TRUE
A79: PEAK ONE. LLC[山崎裕久(Mr.K)] | B79: C-00074686 | C79: 蔵田文男 | D79: fumio.kurata@gmail.com | E79: 6ヶ月会員（ライト・クレカ自動更新） | F79: 2024/12/16 00:00:00 | G79: 2025/06/20 00:00:00 | H79: クレジットカード（ROBOT） | I79: 114300 | J79: 2 | K79: 0 | L79: 0 | M79: 0 | N79: 0 | O79: 114300 | P79: 0 | Q79: 0 | R79: 0 | S79: 0 | T79: 0 | U79: 0 | V79: 0 | W79: 0 | X79: 6 | AC79: 19050 | AD79: 19050 | AE79: 19050 | AF79: 19050 | AG79: 19050 | AH79: 19050 | AW79: =+COUNTA(Y79:AV79) -> 6 | AX79: =+AW79=X79 -> TRUE | AY79: =+SUM(Y79:AV79) -> 114300 | AZ79: =+I79=AY79 -> TRUE
A80: PEAK ONE. LLC[山崎裕久(Mr.K)] | B80: C-00074682 | C80: 郷義幸 | D80: asakki.rurutyi.800@gmail.com | E80: 6ヶ月会員（ライト・クレカ自動更新） | F80: 2024/12/22 00:00:00 | G80: 2025/06/20 00:00:00 | H80: クレジットカード（ROBOT） | I80: 114300 | J80: 2 | K80: 0 | L80: 0 | M80: 0 | N80: 0 | O80: 114300 | P80: 0 | Q80: 0 | R80: 0 | S80: 0 | T80: 0 | U80: 0 | V80: 0 | W80: 0 | X80: 6 | AC80: 19050 | AD80: 19050 | AE80: 19050 | AF80: 19050 | AG80: 19050 | AH80: 19050 | AW80: =+COUNTA(Y80:AV80) -> 6 | AX80: =+AW80=X80 -> TRUE | AY80: =+SUM(Y80:AV80) -> 114300 | AZ80: =+I80=AY80 -> TRUE
A81: PEAK ONE. LLC[山崎裕久(Mr.K)] | B81: C-00074679 | C81: 萩原宏紀 | D81: hiroki.hagiwara6@gmail.com | E81: 6ヶ月会員（ライト・クレカ自動更新） | F81: 2024/12/08 00:00:00 | G81: 2025/06/20 00:00:00 | H81: クレジットカード（ROBOT） | I81: 114300 | J81: 2 | K81: 0 | L81: 0 | M81: 0 | N81: 0 | O81: 114300 | P81: 0 | Q81: 0 | R81: 0 | S81: 0 | T81: 0 | U81: 0 | V81: 0 | W81: 0 | X81: 6 | AC81: 19050 | AD81: 19050 | AE81: 19050 | AF81: 19050 | AG81: 19050 | AH81: 19050 | AW81: =+COUNTA(Y81:AV81) -> 6 | AX81: =+AW81=X81 -> TRUE | AY81: =+SUM(Y81:AV81) -> 114300 | AZ81: =+I81=AY81 -> TRUE
A82: PEAK ONE. LLC[山崎裕久(Mr.K)] | B82: C-00074658 | C82: 藤田正 | D82: tf09072700137@docomo.ne.jp | E82: 銀振会員（更新要ｶｸﾆﾝ）6ヶ月 | F82: 2024/12/07 00:00:00 | G82: 2025/06/20 00:00:00 | H82: 銀行振込（ROBOT） | I82: 114300 | J82: 1 | K82: 0 | L82: 0 | M82: 0 | N82: 0 | O82: 114300 | P82: 0 | Q82: 0 | R82: 0 | S82: 0 | T82: 0 | U82: 0 | V82: 0 | W82: 0 | X82: 6 | AC82: 19050 | AD82: 19050 | AE82: 19050 | AF82: 19050 | AG82: 19050 | AH82: 19050 | AW82: =+COUNTA(Y82:AV82) -> 6 | AX82: =+AW82=X82 -> TRUE | AY82: =+SUM(Y82:AV82) -> 114300 | AZ82: =+I82=AY82 -> TRUE
A83: PEAK ONE. LLC[山崎裕久(Mr.K)] | B83: C-00074650 | C83: 林朋彦 | D83: submarine507@gmail.com | E83: 6ヶ月会員（ライト・クレカ自動更新） | F83: 2024/12/22 00:00:00 | G83: 2025/06/20 00:00:00 | H83: クレジットカード（ROBOT） | I83: 114300 | J83: 2 | K83: 0 | L83: 0 | M83: 0 | N83: 0 | O83: 114300 | P83: 0 | Q83: 0 | R83: 0 | S83: 0 | T83: 0 | U83: 0 | V83: 0 | W83: 0 | X83: 6 | AC83: 19050 | AD83: 19050 | AE83: 19050 | AF83: 19050 | AG83: 19050 | AH83: 19050 | AW83: =+COUNTA(Y83:AV83) -> 6 | AX83: =+AW83=X83 -> TRUE | AY83: =+SUM(Y83:AV83) -> 114300 | AZ83: =+I83=AY83 -> TRUE
A84: PEAK ONE. LLC[山崎裕久(Mr.K)] | B84: C-00074647 | C84: 笹原真哉 | D84: dec312021@bb.banban.jp | E84: 6ヶ月会員（ライト・クレカ自動更新） | F84: 2024/12/08 00:00:00 | G84: 2025/06/20 00:00:00 | H84: クレジットカード（ROBOT） | I84: 114300 | J84: 2 | K84: 0 | L84: 0 | M84: 0 | N84: 0 | O84: 114300 | P84: 0 | Q84: 0 | R84: 0 | S84: 0 | T84: 0 | U84: 0 | V84: 0 | W84: 0 | X84: 6 | AC84: 19050 | AD84: 19050 | AE84: 19050 | AF84: 19050 | AG84: 19050 | AH84: 19050 | AW84: =+COUNTA(Y84:AV84) -> 6 | AX84: =+AW84=X84 -> TRUE | AY84: =+SUM(Y84:AV84) -> 114300 | AZ84: =+I84=AY84 -> TRUE
A85: PEAK ONE. LLC[山崎裕久(Mr.K)] | B85: C-00074643 | C85: 上白木敬好 | D85: kohaku.sinjiro@icloud.com | E85: 6ヶ月会員（ライト・クレカ自動更新） | F85: 2024/12/10 00:00:00 | G85: 2025/06/20 00:00:00 | H85: クレジットカード（ROBOT） | I85: 114300 | J85: 2 | K85: 0 | L85: 0 | M85: 0 | N85: 0 | O85: 114300 | P85: 0 | Q85: 0 | R85: 0 | S85: 0 | T85: 0 | U85: 0 | V85: 0 | W85: 0 | X85: 6 | AC85: 19050 | AD85: 19050 | AE85: 19050 | AF85: 19050 | AG85: 19050 | AH85: 19050 | AW85: =+COUNTA(Y85:AV85) -> 6 | AX85: =+AW85=X85 -> TRUE | AY85: =+SUM(Y85:AV85) -> 114300 | AZ85: =+I85=AY85 -> TRUE
A86: PEAK ONE. LLC[山崎裕久(Mr.K)] | B86: C-00074642 | C86: 日野直樹 | D86: nfr3141@me.pikara.ne.jp | E86: 6ヶ月会員（ライト・クレカ自動更新） | F86: 2024/12/06 00:00:00 | G86: 2025/06/20 00:00:00 | H86: クレジットカード（ROBOT） | I86: 114300 | J86: 2 | K86: 0 | L86: 0 | M86: 0 | N86: 0 | O86: 114300 | P86: 0 | Q86: 0 | R86: 0 | S86: 0 | T86: 0 | U86: 0 | V86: 0 | W86: 0 | X86: 6 | AC86: 19050 | AD86: 19050 | AE86: 19050 | AF86: 19050 | AG86: 19050 | AH86: 19050 | AW86: =+COUNTA(Y86:AV86) -> 6 | AX86: =+AW86=X86 -> TRUE | AY86: =+SUM(Y86:AV86) -> 114300 | AZ86: =+I86=AY86 -> TRUE
A87: PEAK ONE. LLC[山崎裕久(Mr.K)] | B87: C-00074637 | C87: 安江琴与 | D87: koto123sakuya@gmail.com | E87: 6ヶ月会員（ライト・クレカ自動更新） | F87: 2024/12/22 00:00:00 | G87: 2025/06/20 00:00:00 | H87: クレジットカード（ROBOT） | I87: 114300 | J87: 2 | K87: 0 | L87: 0 | M87: 0 | N87: 0 | O87: 114300 | P87: 0 | Q87: 0 | R87: 0 | S87: 0 | T87: 0 | U87: 0 | V87: 0 | W87: 0 | X87: 6 | AC87: 19050 | AD87: 19050 | AE87: 19050 | AF87: 19050 | AG87: 19050 | AH87: 19050 | AW87: =+COUNTA(Y87:AV87) -> 6 | AX87: =+AW87=X87 -> TRUE | AY87: =+SUM(Y87:AV87) -> 114300 | AZ87: =+I87=AY87 -> TRUE
... A111: PEAK ONE. LLC[山崎裕久(Mr.K)] | B111: C-00074495 | C111: 越野貴裕 | D111: ym09057021053@gmail.com | E111: 6ヶ月会員（ライト・クレカ自動更新） | F111: 2024/12/07 00:00:00 | G111: 2025/06/20 00:00:00 | H111: クレジットカード（ROBOT） | I111: 114300 | J111: 2 | K111: 0 | L111: 0 | M111: 0 | N111: 0 | O111: 114300 | P111: 0 | Q111: 0 | R111: 0 | S111: 0 | T111: 0 | U111: 0 | V111: 0 | W111: 0 | X111: 6 | AC111: 19050 | AD111: 19050 | AE111: 19050 | AF111: 19050 | AG111: 19050 | AH111: 19050 | AW111: =+COUNTA(Y111:AV111) -> 6 | AX111: =+AW111=X111 -> TRUE | AY111: =+SUM(Y111:AV111) -> 114300 | AZ111: =+I111=AY111 -> TRUE
A112: PEAK ONE. LLC[山崎裕久(Mr.K)] | B112: C-00074373 | C112: 高山武志 | D112: ihsekatamayakat@gmail.com | E112: 3ヶ月会員（ライト・クレカ自動更新） | F112: 2024/12/19 00:00:00 | G112: 2025/03/20 00:00:00 | H112: クレジットカード（ROBOT） | I112: 59400 | J112: 2 | K112: 0 | L112: 59400 | M112: 0 | N112: 0 | O112: 0 | P112: 0 | Q112: 0 | R112: 0 | S112: 0 | T112: 0 | U112: 0 | V112: 0 | W112: 0 | X112: 3 | Z112: 19800 | AA112: 19800 | AB112: 19800 | AW112: =+COUNTA(Y112:AV112) -> 3 | AX112: =+AW112=X112 -> TRUE | AY112: =+SUM(Y112:AV112) -> 59400 | AZ112: =+I112=AY112 -> TRUE
A113: PEAK ONE. LLC[山崎裕久(Mr.K)] | B113: C-00074330 | C113: 大西俊彦 | D113: cannibal0729@gmail.com | E113: 6ヶ月会員（ライト・クレカ自動更新） | F113: 2024/12/07 00:00:00 | G113: 2025/06/20 00:00:00 | H113: クレジットカード（ROBOT） | I113: 114300 | J113: 2 | K113: 0 | L113: 0 | M113: 0 | N113: 0 | O113: 114300 | P113: 0 | Q113: 0 | R113: 0 | S113: 0 | T113: 0 | U113: 0 | V113: 0 | W113: 0 | X113: 6 | AC113: 19050 | AD113: 19050 | AE113: 19050 | AF113: 19050 | AG113: 19050 | AH113: 19050 | AW113: =+COUNTA(Y113:AV113) -> 6 | AX113: =+AW113=X113 -> TRUE | AY113: =+SUM(Y113:AV113) -> 114300 | AZ113: =+I113=AY113 -> TRUE
A114: PEAK ONE. LLC[山崎裕久(Mr.K)] | B114: C-00074171 | C114: 原豊光 | D114: hara373@gmail.com | E114: 6ヶ月会員（ライト・クレカ自動更新） | F114: 2024/12/09 00:00:00 | G114: 2025/06/20 00:00:00 | H114: クレジットカード（ROBOT） | I114: 114300 | J114: 2 | K114: 0 | L114: 0 | M114: 0 | N114: 0 | O114: 114300 | P114: 0 | Q114: 0 | R114: 0 | S114: 0 | T114: 0 | U114: 0 | V114: 0 | W114: 0 | X114: 6 | AC114: 19050 | AD114: 19050 | AE114: 19050 | AF114: 19050 | AG114: 19050 | AH114: 19050 | AW114: =+COUNTA(Y114:AV114) -> 6 | AX114: =+AW114=X114 -> TRUE | AY114: =+SUM(Y114:AV114) -> 114300 | AZ114: =+I114=AY114 -> TRUE
A115: PEAK ONE. LLC[山崎裕久(Mr.K)] | B115: C-00072712 | C115: 山城静香 | D115: blueryukyu@gmail.com | E115: 6ヶ月会員（ライト・クレカ自動更新） | F115: 2024/12/10 00:00:00 | G115: 2025/06/20 00:00:00 | H115: クレジットカード（ROBOT） | I115: 114300 | J115: 2 | K115: 0 | L115: 0 | M115: 0 | N115: 0 | O115: 114300 | P115: 0 | Q115: 0 | R115: 0 | S115: 0 | T115: 0 | U115: 0 | V115: 0 | W115: 0 | X115: 6 | AC115: 19050 | AD115: 19050 | AE115: 19050 | AF115: 19050 | AG115: 19050 | AH115: 19050 | AW115: =+COUNTA(Y115:AV115) -> 6 | AX115: =+AW115=X115 -> TRUE | AY115: =+SUM(Y115:AV115) -> 114300 | AZ115: =+I115=AY115 -> TRUE
A116: PEAK ONE. LLC[山崎裕久(Mr.K)] | B116: C-00072328 | C116: 佐藤京子 | D116: kyokosatokyo3@icloud.com | E116: 3ヶ月会員（ライト・クレカ自動更新） | F116: 2024/12/22 00:00:00 | G116: 2025/03/20 00:00:00 | H116: クレジットカード（ROBOT） | I116: 59400 | J116: 2 | K116: 0 | L116: 59400 | M116: 0 | N116: 0 | O116: 0 | P116: 0 | Q116: 0 | R116: 0 | S116: 0 | T116: 0 | U116: 0 | V116: 0 | W116: 0 | X116: 3 | Z116: 19800 | AA116: 19800 | AB116: 19800 | AW116: =+COUNTA(Y116:AV116) -> 3 | AX116: =+AW116=X116 -> TRUE | AY116: =+SUM(Y116:AV116) -> 59400 | AZ116: =+I116=AY116 -> TRUE
A117: PEAK ONE. LLC[山崎裕久(Mr.K)] | B117: C-00072076 | C117: 原康雄 | D117: x09099991225@i.softbank.jp | E117: 6ヶ月会員（ライト・クレカ自動更新） | F117: 2024/12/07 00:00:00 | G117: 2025/06/20 00:00:00 | H117: クレジットカード（ROBOT） | I117: 114300 | J117: 2 | K117: 0 | L117: 0 | M117: 0 | N117: 0 | O117: 114300 | P117: 0 | Q117: 0 | R117: 0 | S117: 0 | T117: 0 | U117: 0 | V117: 0 | W117: 0 | X117: 6 | AC117: 19050 | AD117: 19050 | AE117: 19050 | AF117: 19050 | AG117: 19050 | AH117: 19050 | AW117: =+COUNTA(Y117:AV117) -> 6 | AX117: =+AW117=X117 -> TRUE | AY117: =+SUM(Y117:AV117) -> 114300 | AZ117: =+I117=AY117 -> TRUE
A118: PEAK ONE. LLC[山崎裕久(Mr.K)] | B118: C-00071581 | C118: 内藤大伍 | D118: daigoro-08@hotmail.co.jp | E118: 6ヶ月会員（ライト・クレカ自動更新） | F118: 2024/12/10 00:00:00 | G118: 2025/06/20 00:00:00 | H118: クレジットカード（ROBOT） | I118: 114300 | J118: 2 | K118: 0 | L118: 0 | M118: 0 | N118: 0 | O118: 114300 | P118: 0 | Q118: 0 | R118: 0 | S118: 0 | T118: 0 | U118: 0 | V118: 0 | W118: 0 | X118: 6 | AC118: 19050 | AD118: 19050 | AE118: 19050 | AF118: 19050 | AG118: 19050 | AH118: 19050 | AW118: =+COUNTA(Y118:AV118) -> 6 | AX118: =+AW118=X118 -> TRUE | AY118: =+SUM(Y118:AV118) -> 114300 | AZ118: =+I118=AY118 -> TRUE
A119: PEAK ONE. LLC[山崎裕久(Mr.K)] | B119: C-00071021 | C119: 山本幸範 | D119: yama141421356@gmail.com | E119: 6ヶ月会員（ライト・クレカ自動更新） | F119: 2024/12/11 00:00:00 | G119: 2025/06/20 00:00:00 | H119: クレジットカード（ROBOT） | I119: 114300 | J119: 2 | K119: 0 | L119: 0 | M119: 0 | N119: 0 | O119: 114300 | P119: 0 | Q119: 0 | R119: 0 | S119: 0 | T119: 0 | U119: 0 | V119: 0 | W119: 0 | X119: 6 | AC119: 19050 | AD119: 19050 | AE119: 19050 | AF119: 19050 | AG119: 19050 | AH119: 19050 | AW119: =+COUNTA(Y119:AV119) -> 6 | AX119: =+AW119=X119 -> TRUE | AY119: =+SUM(Y119:AV119) -> 114300 | AZ119: =+I119=AY119 -> TRUE
A120: PEAK ONE. LLC[山崎裕久(Mr.K)] | B120: C-00070967 | C120: 南岡和弥 | D120: kazuya.minamioka@gmail.com | E120: 銀振会員（更新要ｶｸﾆﾝ）6ヶ月 | F120: 2024/12/07 00:00:00 | G120: 2025/06/20 00:00:00 | H120: 銀行振込（ROBOT） | I120: 114300 | J120: 1 | K120: 0 | L120: 0 | M120: 0 | N120: 0 | O120: 114300 | P120: 0 | Q120: 0 | R120: 0 | S120: 0 | T120: 0 | U120: 0 | V120: 0 | W120: 0 | X120: 6 | AC120: 19050 | AD120: 19050 | AE120: 19050 | AF120: 19050 | AG120: 19050 | AH120: 19050 | AW120: =+COUNTA(Y120:AV120) -> 6 | AX120: =+AW120=X120 -> TRUE | AY120: =+SUM(Y120:AV120) -> 114300 | AZ120: =+I120=AY120 -> TRUE
A121: PEAK ONE. LLC[山崎裕久(Mr.K)] | B121: C-00070808 | C121: 泉智子 | D121: tomotomo757@gmail.com | E121: 6ヶ月会員（ライト・クレカ自動更新） | F121: 2024/12/07 00:00:00 | G121: 2025/06/20 00:00:00 | H121: クレジットカード（ROBOT） | I121: 114300 | J121: 2 | K121: 0 | L121: 0 | M121: 0 | N121: 0 | O121: 114300 | P121: 0 | Q121: 0 | R121: 0 | S121: 0 | T121: 0 | U121: 0 | V121: 0 | W121: 0 | X121: 6 | AC121: 19050 | AD121: 19050 | AE121: 19050 | AF121: 19050 | AG121: 19050 | AH121: 19050 | AW121: =+COUNTA(Y121:AV121) -> 6 | AX121: =+AW121=X121 -> TRUE | AY121: =+SUM(Y121:AV121) -> 114300 | AZ121: =+I121=AY121 -> TRUE
A122: PEAK ONE. LLC[山崎裕久(Mr.K)] | B122: C-00069880 | C122: 井谷智子 | D122: t-valley0616@outlook.jp | E122: 6ヶ月会員（ライト・クレカ自動更新） | F122: 2024/12/07 00:00:00 | G122: 2025/06/20 00:00:00 | H122: クレジットカード（ROBOT） | I122: 114300 | J122: 2 | K122: 0 | L122: 0 | M122: 0 | N122: 0 | O122: 114300 | P122: 0 | Q122: 0 | R122: 0 | S122: 0 | T122: 0 | U122: 0 | V122: 0 | W122: 0 | X122: 6 | AC122: 19050 | AD122: 19050 | AE122: 19050 | AF122: 19050 | AG122: 19050 | AH122: 19050 | AW122: =+COUNTA(Y122:AV122) -> 6 | AX122: =+AW122=X122 -> TRUE | AY122: =+SUM(Y122:AV122) -> 114300 | AZ122: =+I122=AY122 -> TRUE
A123: PEAK ONE. LLC[山崎裕久(Mr.K)] | B123: C-00069855 | C123: 栗田賢二 | D123: krtkenji@yahoo.co.jp | E123: 6ヶ月会員（ライト・クレカ自動更新） | F123: 2024/12/07 00:00:00 | G123: 2025/06/20 00:00:00 | H123: クレジットカード（ROBOT） | I123: 114300 | J123: 2 | K123: 0 | L123: 0 | M123: 0 | N123: 0 | O123: 114300 | P123: 0 | Q123: 0 | R123: 0 | S123: 0 | T123: 0 | U123: 0 | V123: 0 | W123: 0 | X123: 6 | AC123: 19050 | AD123: 19050 | AE123: 19050 | AF123: 19050 | AG123: 19050 | AH123: 19050 | AW123: =+COUNTA(Y123:AV123) -> 6 | AX123: =+AW123=X123 -> TRUE | AY123: =+SUM(Y123:AV123) -> 114300 | AZ123: =+I123=AY123 -> TRUE
A124: PEAK ONE. LLC[山崎裕久(Mr.K)] | B124: C-00069584 | C124: 谷洋子 | D124: yoko563127t@gmail.com | E124: 6ヶ月会員（ライト・クレカ自動更新） | F124: 2024/12/18 00:00:00 | G124: 2025/06/20 00:00:00 | H124: クレジットカード（ROBOT） | I124: 114300 | J124: 2 | K124: 0 | L124: 0 | M124: 0 | N124: 0 | O124: 114300 | P124: 0 | Q124: 0 | R124: 0 | S124: 0 | T124: 0 | U124: 0 | V124: 0 | W124: 0 | X124: 6 | AC124: 19050 | AD124: 19050 | AE124: 19050 | AF124: 19050 | AG124: 19050 | AH124: 19050 | AW124: =+COUNTA(Y124:AV124) -> 6 | AX124: =+AW124=X124 -> TRUE | AY124: =+SUM(Y124:AV124) -> 114300 | AZ124: =+I124=AY124 -> TRUE
A125: PEAK ONE. LLC[山崎裕久(Mr.K)] | B125: C-00069350 | C125: 長谷川隆之 | D125: ryuu@ha-se.jp | E125: 6ヶ月会員（ライト・クレカ自動更新） | F125: 2024/12/07 00:00:00 | G125: 2025/06/20 00:00:00 | H125: クレジットカード（ROBOT） | I125: 114300 | J125: 2 | K125: 0 | L125: 0 | M125: 0 | N125: 0 | O125: 114300 | P125: 0 | Q125: 0 | R125: 0 | S125: 0 | T125: 0 | U125: 0 | V125: 0 | W125: 0 | X125: 6 | AC125: 19050 | AD125: 19050 | AE125: 19050 | AF125: 19050 | AG125: 19050 | AH125: 19050 | AW125: =+COUNTA(Y125:AV125) -> 6 | AX125: =+AW125=X125 -> TRUE | AY125: =+SUM(Y125:AV125) -> 114300 | AZ125: =+I125=AY125 -> TRUE
A126: PEAK ONE. LLC[山崎裕久(Mr.K)] | B126: C-00069290 | C126: 辻博之 | D126: tsuji07052674618@gmail.com | E126: 6ヶ月会員（ライト・クレカ自動更新） | F126: 2024/12/19 00:00:00 | G126: 2025/06/20 00:00:00 | H126: クレジットカード（ROBOT） | I126: 114300 | J126: 2 | K126: 0 | L126: 0 | M126: 0 | N126: 0 | O126: 114300 | P126: 0 | Q126: 0 | R126: 0 | S126: 0 | T126: 0 | U126: 0 | V126: 0 | W126: 0 | X126: 6 | AC126: 19050 | AD126: 19050 | AE126: 19050 | AF126: 19050 | AG126: 19050 | AH126: 19050 | AW126: =+COUNTA(Y126:AV126) -> 6 | AX126: =+AW126=X126 -> TRUE | AY126: =+SUM(Y126:AV126) -> 114300 | AZ126: =+I126=AY126 -> TRUE
A127: PEAK ONE. LLC[山崎裕久(Mr.K)] | B127: C-00069177 | C127: 大矢昌章 | D127: moya095@gmail.com | E127: 6ヶ月会員（ライト・クレカ自動更新） | F127: 2024/12/22 00:00:00 | G127: 2025/06/20 00:00:00 | H127: クレジットカード（ROBOT） | I127: 114300 | J127: 2 | K127: 0 | L127: 0 | M127: 0 | N127: 0 | O127: 114300 | P127: 0 | Q127: 0 | R127: 0 | S127: 0 | T127: 0 | U127: 0 | V127: 0 | W127: 0 | X127: 6 | AC127: 19050 | AD127: 19050 | AE127: 19050 | AF127: 19050 | AG127: 19050 | AH127: 19050 | AW127: =+COUNTA(Y127:AV127) -> 6 | AX127: =+AW127=X127 -> TRUE | AY127: =+SUM(Y127:AV127) -> 114300 | AZ127: =+I127=AY127 -> TRUE
A128: PEAK ONE. LLC[山崎裕久(Mr.K)] | B128: C-00069167 | C128: 山田喬之 | D128: rv0049vr@kankyousystem.jp | E128: 6ヶ月会員（ライト・クレカ自動更新） | F128: 2024/12/20 00:00:00 | G128: 2025/06/20 00:00:00 | H128: クレジットカード（ROBOT） | I128: 114300 | J128: 2 | K128: 0 | L128: 0 | M128: 0 | N128: 0 | O128: 114300 | P128: 0 | Q128: 0 | R128: 0 | S128: 0 | T128: 0 | U128: 0 | V128: 0 | W128: 0 | X128: 6 | AC128: 19050 | AD128: 19050 | AE128: 19050 | AF128: 19050 | AG128: 19050 | AH128: 19050 | AW128: =+COUNTA(Y128:AV128) -> 6 | AX128: =+AW128=X128 -> TRUE | AY128: =+SUM(Y128:AV128) -> 114300 | AZ128: =+I128=AY128 -> TRUE
...

Sheet Sheet5
A1: タイプ | B1: 新 業務提携者（従属） | C1: 計上月 | D1: 合計金額 | E1: 件数 | F1: 新 報酬率(自社) | G1: 自社報酬分
A2: おまとめ継続 | B2: PEAK ONE. LLC[山崎裕久(Mr.K)] | C2: 2025年2月 | D2: 288000 | E2: 3 | F2: 45 | G2: =+ROUNDDOWN(D2*F2/100,0) -> 129600
A3: おまとめ継続 | B3: PEAK ONE. LLC[山崎裕久(Mr.K)] | C3: 2025年3月 | D3: 8911800 | E3: 126 | F3: 45 | G3: =+ROUNDDOWN(D3*F3/100,0) -> 4010310
A4: おまとめ継続 | B4: PEAK ONE. LLC[山崎裕久(Mr.K)] | C4: 2025年4月 | D4: 17480520 | E4: 165 | F4: 45 | G4: =+ROUNDDOWN(D4*F4/100,0) -> 7866234
A5: おまとめ継続 | B5: PEAK ONE. LLC[山崎裕久(Mr.K)] | C5: 2025年5月 | D5: 1427760 | E5: 13 | F5: 45 | G5: =+ROUNDDOWN(D5*F5/100,0) -> 642492
A6: おまとめ継続 | B6: PEAK ONE. LLC[山崎裕久(Mr.K)] | C6: 2025年6月 | D6: 39547800 | E6: 346 | F6: 45 | G6: =+ROUNDDOWN(D6*F6/100,0) -> 17796510
A7: おまとめ継続 | B7: PEAK ONE. LLC[山崎裕久(Mr.K)] | C7: 2025年7月 | D7: 799020 | E7: 7 | F7: 45 | G7: =+ROUNDDOWN(D7*F7/100,0) -> 359559
A8: おまとめ継続 | B8: PEAK ONE. LLC[山崎裕久(Mr.K)] | C8: 2025年8月 | D8: 1925820 | E8: 17 | F8: 45 | G8: =+ROUNDDOWN(D8*F8/100,0) -> 866619
A9: おまとめ継続 | B9: PEAK ONE. LLC[山崎裕久(Mr.K)] | C9: 2025年9月 | D9: 0 | E9: 0 | F9: 45 | G9: =+ROUNDDOWN(D9*F9/100,0) -> 0
A10: おまとめ継続 | B10: PEAK ONE. LLC[山崎裕久(Mr.K)] | C10: 2025年10月 | D10: 0 | E10: 0 | F10: 45 | G10: =+ROUNDDOWN(D10*F10/100,0) -> 0
A11: おまとめ継続 | B11: PEAK ONE. LLC[山崎裕久(Mr.K)] | C11: 2025年11月 | D11: 0 | E11: 0 | F11: 45 | G11: =+ROUNDDOWN(D11*F11/100,0) -> 0
A12: おまとめ継続 | B12: PEAK ONE. LLC[山崎裕久(Mr.K)] | C12: 2025年12月 | D12: 113220 | E12: 1 | F12: 45 | G12: =+ROUNDDOWN(D12*F12/100,0) -> 50949
A13: おまとめ継続 | B13: PEAK ONE. LLC[山崎裕久(Mr.K)] | C13: 2026年1月 | D13: 0 | E13: 0 | F13: 45 | G13: =+ROUNDDOWN(D13*F13/100,0) -> 0
A14: おまとめ継続 | B14: PEAK ONE. LLC[山崎裕久(Mr.K)] | C14: 2026年2月 | D14: 1132200 | E14: 10 | F14: 45 | G14: =+ROUNDDOWN(D14*F14/100,0) -> 509490

Sheet Sheet3
A1: タイプ | B1: 新 業務提携者（従属） | C1: 計上月 | D1: 合計金額 | E1: 件数 | F1: 新 報酬率(自社) | G1: 自社報酬分
A2: おまとめ継続 | B2: PEAK ONE. LLC[山崎裕久(Mr.K)] | C2: 2025年2月 | D2: 288000 | E2: 3 | F2: 45 | G2: =+ROUNDDOWN(D2*F2/100,0) -> 129600
A3: おまとめ継続 | B3: PEAK ONE. LLC[山崎裕久(Mr.K)] | C3: 2025年3月 | D3: 8911800 | E3: 126 | F3: 45 | G3: =+ROUNDDOWN(D3*F3/100,0) -> 4010310
A4: おまとめ継続 | B4: PEAK ONE. LLC[山崎裕久(Mr.K)] | C4: 2025年4月 | D4: 17480520 | E4: 165 | F4: 45 | G4: =+ROUNDDOWN(D4*F4/100,0) -> 7866234
A5: おまとめ継続 | B5: PEAK ONE. LLC[山崎裕久(Mr.K)] | C5: 2025年5月 | D5: 1427760 | E5: 13 | F5: 45 | G5: =+ROUNDDOWN(D5*F5/100,0) -> 642492
A6: おまとめ継続 | B6: PEAK ONE. LLC[山崎裕久(Mr.K)] | C6: 2025年6月 | D6: 39547800 | E6: 346 | F6: 45 | G6: =+ROUNDDOWN(D6*F6/100,0) -> 17796510
A7: おまとめ継続 | B7: PEAK ONE. LLC[山崎裕久(Mr.K)] | C7: 2025年7月 | D7: 799020 | E7: 7 | F7: 45 | G7: =+ROUNDDOWN(D7*F7/100,0) -> 359559
A8: おまとめ継続 | B8: PEAK ONE. LLC[山崎裕久(Mr.K)] | C8: 2025年8月 | D8: 1925820 | E8: 17 | F8: 45 | G8: =+ROUNDDOWN(D8*F8/100,0) -> 866619
A9: おまとめ継続 | B9: PEAK ONE. LLC[山崎裕久(Mr.K)] | C9: 2025年9月 | D9: 0 | E9: 0 | F9: 45 | G9: =+ROUNDDOWN(D9*F9/100,0) -> 0
A10: おまとめ継続 | B10: PEAK ONE. LLC[山崎裕久(Mr.K)] | C10: 2025年10月 | D10: 0 | E10: 0 | F10: 45 | G10: =+ROUNDDOWN(D10*F10/100,0) -> 0
A11: おまとめ継続 | B11: PEAK ONE. LLC[山崎裕久(Mr.K)] | C11: 2025年11月 | D11: 0 | E11: 0 | F11: 45 | G11: =+ROUNDDOWN(D11*F11/100,0) -> 0
A12: おまとめ継続 | B12: PEAK ONE. LLC[山崎裕久(Mr.K)] | C12: 2025年12月 | D12: 113220 | E12: 1 | F12: 45 | G12: =+ROUNDDOWN(D12*F12/100,0) -> 50949
A13: おまとめ継続 | B13: PEAK ONE. LLC[山崎裕久(Mr.K)] | C13: 2026年1月 | D13: 0 | E13: 0 | F13: 45 | G13: =+ROUNDDOWN(D13*F13/100,0) -> 0
A14: おまとめ継続 | B14: PEAK ONE. LLC[山崎裕久(Mr.K)] | C14: 2026年2月 | D14: 1132200 | E14: 10 | F14: 45 | G14: =+ROUNDDOWN(D14*F14/100,0) -> 509490
A17: タイプ1 | B17: タイプ2 | C17: 新 業務提携者（従属） | D17: 新 報酬率(自社) | E17: 自社報酬率 | F17: 計上月 | G17: 合計金額
A18: おまとめ継続 | B18: 全体売上 | C18: PEAK ONE. LLC[山崎裕久(Mr.K)] | D18: 45 | E18: 0.45 | F18: 2025年2月 | G18: 288000
A19: おまとめ継続 | B19: 全体売上 | C19: PEAK ONE. LLC[山崎裕久(Mr.K)] | D19: 45 | E19: 0.45 | F19: 2025年3月 | G19: 8911800
A20: おまとめ継続 | B20: 全体売上 | C20: PEAK ONE. LLC[山崎裕久(Mr.K)] | D20: 45 | E20: 0.45 | F20: 2025年4月 | G20: 17480520
A21: おまとめ継続 | B21: 全体売上 | C21: PEAK ONE. LLC[山崎裕久(Mr.K)] | D21: 45 | E21: 0.45 | F21: 2025年5月 | G21: 1427760
A22: おまとめ継続 | B22: 全体売上 | C22: PEAK ONE. LLC[山崎裕久(Mr.K)] | D22: 45 | E22: 0.45 | F22: 2025年6月 | G22: 39547800
A23: おまとめ継続 | B23: 全体売上 | C23: PEAK ONE. LLC[山崎裕久(Mr.K)] | D23: 45 | E23: 0.45 | F23: 2025年7月 | G23: 799020
A24: おまとめ継続 | B24: 全体売上 | C24: PEAK ONE. LLC[山崎裕久(Mr.K)] | D24: 45 | E24: 0.45 | F24: 2025年8月 | G24: 1925820
A25: おまとめ継続 | B25: 全体売上 | C25: PEAK ONE. LLC[山崎裕久(Mr.K)] | D25: 45 | E25: 0.45 | F25: 2025年9月 | G25: 0
A26: おまとめ継続 | B26: 全体売上 | C26: PEAK ONE. LLC[山崎裕久(Mr.K)] | D26: 45 | E26: 0.45 | F26: 2025年10月 | G26: 0
A27: おまとめ継続 | B27: 全体売上 | C27: PEAK ONE. LLC[山崎裕久(Mr.K)] | D27: 45 | E27: 0.45 | F27: 2025年11月 | G27: 0
A28: おまとめ継続 | B28: 全体売上 | C28: PEAK ONE. LLC[山崎裕久(Mr.K)] | D28: 45 | E28: 0.45 | F28: 2025年12月 | G28: 113220
A29: おまとめ継続 | B29: 全体売上 | C29: PEAK ONE. LLC[山崎裕久(Mr.K)] | D29: 45 | E29: 0.45 | F29: 2026年1月 | G29: 0
... A43: おまとめ継続 | B43: 自社分 | C43: PEAK ONE. LLC[山崎裕久(Mr.K)] | D43: 45 | E43: 0.45 | F43: 2026年2月 | G43: 509490

Sheet Sheet4
A3: 行ラベル | B3: 合計 / 2025年2月 | C3: 合計 / 2025年3月 | D3: 合計 / 2025年4月 | E3: 合計 / 2025年5月 | F3: 合計 / 2025年6月 | G3: 合計 / 2025年7月 | H3: 合計 / 2025年8月 | I3: 合計 / 2025年9月 | J3: 合計 / 2025年10月 | K3: 合計 / 2025年11月 | L3: 合計 / 2025年12月 | M3: 合計 / 2026年1月 | N3: 合計 / 2026年2月
A4: PEAK ONE. LLC[山崎裕久(Mr.K)] | B4: 288000 | C4: 8911800 | D4: 17480520 | E4: 1427760 | F4: 39547800 | G4: 799020 | H4: 1925820 | I4: 0 | J4: 0 | K4: 0 | L4: 113220 | M4: 0 | N4: 1132200
A5: 総計 | B5: 288000 | C5: 8911800 | D5: 17480520 | E5: 1427760 | F5: 39547800 | G5: 799020 | H5: 1925820 | I5: 0 | J5: 0 | K5: 0 | L5: 113220 | M5: 0 | N5: 1132200
A14: タイプ | B14: 新 業務提携者（従属） | C14: 計上月 | D14: 合計金額 | E14: 件数 | F14: 新 報酬率(自社) | G14: 自社報酬分
A15: おまとめ継続 | B15: PEAK ONE. LLC[山崎裕久(Mr.K)] | C15: 2025年2月 | D15: 288000 | E15: 3 | F15: 45 | G15: =+ROUNDDOWN(D15*F15/100,0) -> 129600
A16: おまとめ継続 | B16: PEAK ONE. LLC[山崎裕久(Mr.K)] | C16: 2025年3月 | D16: 8911800 | E16: 126 | F16: 45 | G16: =+ROUNDDOWN(D16*F16/100,0) -> 4010310
A17: おまとめ継続 | B17: PEAK ONE. LLC[山崎裕久(Mr.K)] | C17: 2025年4月 | D17: 17480520 | E17: 165 | F17: 45 | G17: =+ROUNDDOWN(D17*F17/100,0) -> 7866234
A18: おまとめ継続 | B18: PEAK ONE. LLC[山崎裕久(Mr.K)] | C18: 2025年5月 | D18: 1427760 | E18: 13 | F18: 45 | G18: =+ROUNDDOWN(D18*F18/100,0) -> 642492
A19: おまとめ継続 | B19: PEAK ONE. LLC[山崎裕久(Mr.K)] | C19: 2025年6月 | D19: 39547800 | E19: 346 | F19: 45 | G19: =+ROUNDDOWN(D19*F19/100,0) -> 17796510
A20: おまとめ継続 | B20: PEAK ONE. LLC[山崎裕久(Mr.K)] | C20: 2025年7月 | D20: 799020 | E20: 7 | F20: 45 | G20: =+ROUNDDOWN(D20*F20/100,0) -> 359559
A21: おまとめ継続 | B21: PEAK ONE. LLC[山崎裕久(Mr.K)] | C21: 2025年8月 | D21: 1925820 | E21: 17 | F21: 45 | G21: =+ROUNDDOWN(D21*F21/100,0) -> 866619
A22: おまとめ継続 | B22: PEAK ONE. LLC[山崎裕久(Mr.K)] | C22: 2025年9月 | D22: 0 | E22: 0 | F22: 45 | G22: =+ROUNDDOWN(D22*F22/100,0) -> 0
A23: おまとめ継続 | B23: PEAK ONE. LLC[山崎裕久(Mr.K)] | C23: 2025年10月 | D23: 0 | E23: 0 | F23: 45 | G23: =+ROUNDDOWN(D23*F23/100,0) -> 0
A24: おまとめ継続 | B24: PEAK ONE. LLC[山崎裕久(Mr.K)] | C24: 2025年11月 | D24: 0 | E24: 0 | F24: 45 | G24: =+ROUNDDOWN(D24*F24/100,0) -> 0
A25: おまとめ継続 | B25: PEAK ONE. LLC[山崎裕久(Mr.K)] | C25: 2025年12月 | D25: 113220 | E25: 1 | F25: 45 | G25: =+ROUNDDOWN(D25*F25/100,0) -> 50949
A26: おまとめ継続 | B26: PEAK ONE. LLC[山崎裕久(Mr.K)] | C26: 2026年1月 | D26: 0 | E26: 0 | F26: 45 | G26: =+ROUNDDOWN(D26*F26/100,0) -> 0
A27: おまとめ継続 | B27: PEAK ONE. LLC[山崎裕久(Mr.K)] | C27: 2026年2月 | D27: 1132200 | E27: 10 | F27: 45 | G27: =+ROUNDDOWN(D27*F27/100,0) -> 509490

Sheet コミュおまとめ
A1: 顧客ID | B1: 氏名 | C1: 登録メールアドレス | D1: CLEARTRADEコミュ会員タイプ | E1: CLEARTRADEコミュ入会日 | F1: CLEARTRADEコミュ退会日 | G1: CLEARTRADEコミュ支払方法 | H1: 金額 | I1: CLEARTRADEコミュ配信状況 | J1: 2025/02/20 00:00:00 | K1: 2025/03/20 00:00:00 | L1: 2025/04/20 00:00:00 | M1: 2025/05/20 00:00:00 | N1: 2025/06/20 00:00:00 | O1: 2025/07/20 00:00:00 | P1: 2025/08/20 00:00:00 | Q1: 2025/09/20 00:00:00 | R1: 2025/10/20 00:00:00 | S1: 2025/11/20 00:00:00 | T1: 2025/12/20 00:00:00 | U1: 2026/01/20 00:00:00 | V1: 2026/02/20 00:00:00
A2: C-00075126 | B2: 武田祐二 | C2: yellow.tail@docomo.ne.jp | D2: 3ヶ月会員（ライト・クレカ自動更新） | E2: 2025/01/23 00:00:00 | F2: 2025/04/20 00:00:00 | G2: クレジットカード（ROBOT） | H2: =VLOOKUP(D2,[1]金額リスト!$A$2:$B$6,2,FALSE) -> 59400 | I2: 1 | J2: =IFERROR(INDEX($F2:$H2,MATCH($J$1,$F2,0),3),0) -> 0 | K2: =IFERROR(INDEX($F2:$H2,MATCH($K$1,$F2,0),3),0) -> 0 | L2: =IFERROR(INDEX($F2:$H2,MATCH($L$1,$F2,0),3),0) -> 59400 | M2: =IFERROR(INDEX($F2:$H2,MATCH($M$1,$F2,0),3),0) -> 0 | N2: =IFERROR(INDEX($F2:$H2,MATCH($N$1,$F2,0),3),0) -> 0 | O2: =IFERROR(INDEX($F2:$H2,MATCH($O$1,$F2,0),3),0) -> 0 | P2: =IFERROR(INDEX($F2:$H2,MATCH($P$1,$F2,0),3),0) -> 0 | Q2: =IFERROR(INDEX($F2:$H2,MATCH($Q$1,$F2,0),3),0) -> 0 | R2: =IFERROR(INDEX($F2:$H2,MATCH($R$1,$F2,0),3),0) -> 0 | S2: =IFERROR(INDEX($F2:$H2,MATCH($S$1,$F2,0),3),0) -> 0 | T2: =IFERROR(INDEX($F2:$H2,MATCH($T$1,$F2,0),3),0) -> 0 | U2: =IFERROR(INDEX($F2:$H2,MATCH($U$1,$F2,0),3),0) -> 0 | V2: =IFERROR(INDEX($F2:$H2,MATCH($V$1,$F2,0),3),0) -> 0
A3: C-00074947 | B3: 宮川美樹 | C3: adgjmptw2001@gmail.com | D3: 3ヶ月会員（ライト・クレカ自動更新） | E3: 2024/12/09 00:00:00 | F3: 2025/03/20 00:00:00 | G3: クレジットカード（ROBOT） | H3: =VLOOKUP(D3,[1]金額リスト!$A$2:$B$6,2,FALSE) -> 59400 | I3: 2 | J3: =IFERROR(INDEX($F3:$H3,MATCH($J$1,$F3,0),3),0) -> 0 | K3: =IFERROR(INDEX($F3:$H3,MATCH($K$1,$F3,0),3),0) -> 59400 | L3: =IFERROR(INDEX($F3:$H3,MATCH($L$1,$F3,0),3),0) -> 0 | M3: =IFERROR(INDEX($F3:$H3,MATCH($M$1,$F3,0),3),0) -> 0 | N3: =IFERROR(INDEX($F3:$H3,MATCH($N$1,$F3,0),3),0) -> 0 | O3: =IFERROR(INDEX($F3:$H3,MATCH($O$1,$F3,0),3),0) -> 0 | P3: =IFERROR(INDEX($F3:$H3,MATCH($P$1,$F3,0),3),0) -> 0 | Q3: =IFERROR(INDEX($F3:$H3,MATCH($Q$1,$F3,0),3),0) -> 0 | R3: =IFERROR(INDEX($F3:$H3,MATCH($R$1,$F3,0),3),0) -> 0 | S3: =IFERROR(INDEX($F3:$H3,MATCH($S$1,$F3,0),3),0) -> 0 | T3: =IFERROR(INDEX($F3:$H3,MATCH($T$1,$F3,0),3),0) -> 0 | U3: =IFERROR(INDEX($F3:$H3,MATCH($U$1,$F3,0),3),0) -> 0 | V3: =IFERROR(INDEX($F3:$H3,MATCH($V$1,$F3,0),3),0) -> 0
A4: C-00074945 | B4: 岩崎由美子 | C4: kouandryuu@gmail.com | D4: 3ヶ月会員（ライト・クレカ自動更新） | E4: 2024/12/23 00:00:00 | F4: 2025/03/20 00:00:00 | G4: クレジットカード（ROBOT） | H4: =VLOOKUP(D4,[1]金額リスト!$A$2:$B$6,2,FALSE) -> 59400 | I4: 2 | J4: =IFERROR(INDEX($F4:$H4,MATCH($J$1,$F4,0),3),0) -> 0 | K4: =IFERROR(INDEX($F4:$H4,MATCH($K$1,$F4,0),3),0) -> 59400 | L4: =IFERROR(INDEX($F4:$H4,MATCH($L$1,$F4,0),3),0) -> 0 | M4: =IFERROR(INDEX($F4:$H4,MATCH($M$1,$F4,0),3),0) -> 0 | N4: =IFERROR(INDEX($F4:$H4,MATCH($N$1,$F4,0),3),0) -> 0 | O4: =IFERROR(INDEX($F4:$H4,MATCH($O$1,$F4,0),3),0) -> 0 | P4: =IFERROR(INDEX($F4:$H4,MATCH($P$1,$F4,0),3),0) -> 0 | Q4: =IFERROR(INDEX($F4:$H4,MATCH($Q$1,$F4,0),3),0) -> 0 | R4: =IFERROR(INDEX($F4:$H4,MATCH($R$1,$F4,0),3),0) -> 0 | S4: =IFERROR(INDEX($F4:$H4,MATCH($S$1,$F4,0),3),0) -> 0 | T4: =IFERROR(INDEX($F4:$H4,MATCH($T$1,$F4,0),3),0) -> 0 | U4: =IFERROR(INDEX($F4:$H4,MATCH($U$1,$F4,0),3),0) -> 0 | V4: =IFERROR(INDEX($F4:$H4,MATCH($V$1,$F4,0),3),0) -> 0
A5: C-00074942 | B5: 藤山貴浩 | C5: akeboshi06@gmail.com | D5: 3ヶ月会員（ライト・クレカ自動更新） | E5: 2024/12/23 00:00:00 | F5: 2025/03/20 00:00:00 | G5: クレジットカード（ROBOT） | H5: =VLOOKUP(D5,[1]金額リスト!$A$2:$B$6,2,FALSE) -> 59400 | I5: 2 | J5: =IFERROR(INDEX($F5:$H5,MATCH($J$1,$F5,0),3),0) -> 0 | K5: =IFERROR(INDEX($F5:$H5,MATCH($K$1,$F5,0),3),0) -> 59400 | L5: =IFERROR(INDEX($F5:$H5,MATCH($L$1,$F5,0),3),0) -> 0 | M5: =IFERROR(INDEX($F5:$H5,MATCH($M$1,$F5,0),3),0) -> 0 | N5: =IFERROR(INDEX($F5:$H5,MATCH($N$1,$F5,0),3),0) -> 0 | O5: =IFERROR(INDEX($F5:$H5,MATCH($O$1,$F5,0),3),0) -> 0 | P5: =IFERROR(INDEX($F5:$H5,MATCH($P$1,$F5,0),3),0) -> 0 | Q5: =IFERROR(INDEX($F5:$H5,MATCH($Q$1,$F5,0),3),0) -> 0 | R5: =IFERROR(INDEX($F5:$H5,MATCH($R$1,$F5,0),3),0) -> 0 | S5: =IFERROR(INDEX($F5:$H5,MATCH($S$1,$F5,0),3),0) -> 0 | T5: =IFERROR(INDEX($F5:$H5,MATCH($T$1,$F5,0),3),0) -> 0 | U5: =IFERROR(INDEX($F5:$H5,MATCH($U$1,$F5,0),3),0) -> 0 | V5: =IFERROR(INDEX($F5:$H5,MATCH($V$1,$F5,0),3),0) -> 0
A6: C-00074941 | B6: 橋本公洋 | C6: kisss642_ipad@icloud.com | D6: 6ヶ月会員（ライト・クレカ自動更新） | E6: 2024/12/22 00:00:00 | F6: 2025/06/20 00:00:00 | G6: クレジットカード（ROBOT） | H6: =VLOOKUP(D6,[1]金額リスト!$A$2:$B$6,2,FALSE) -> 114300 | I6: 2 | J6: =IFERROR(INDEX($F6:$H6,MATCH($J$1,$F6,0),3),0) -> 0 | K6: =IFERROR(INDEX($F6:$H6,MATCH($K$1,$F6,0),3),0) -> 0 | L6: =IFERROR(INDEX($F6:$H6,MATCH($L$1,$F6,0),3),0) -> 0 | M6: =IFERROR(INDEX($F6:$H6,MATCH($M$1,$F6,0),3),0) -> 0 | N6: =IFERROR(INDEX($F6:$H6,MATCH($N$1,$F6,0),3),0) -> 114300 | O6: =IFERROR(INDEX($F6:$H6,MATCH($O$1,$F6,0),3),0) -> 0 | P6: =IFERROR(INDEX($F6:$H6,MATCH($P$1,$F6,0),3),0) -> 0 | Q6: =IFERROR(INDEX($F6:$H6,MATCH($Q$1,$F6,0),3),0) -> 0 | R6: =IFERROR(INDEX($F6:$H6,MATCH($R$1,$F6,0),3),0) -> 0 | S6: =IFERROR(INDEX($F6:$H6,MATCH($S$1,$F6,0),3),0) -> 0 | T6: =IFERROR(INDEX($F6:$H6,MATCH($T$1,$F6,0),3),0) -> 0 | U6: =IFERROR(INDEX($F6:$H6,MATCH($U$1,$F6,0),3),0) -> 0 | V6: =IFERROR(INDEX($F6:$H6,MATCH($V$1,$F6,0),3),0) -> 0
A7: C-00074937 | B7: 今泉宏章 | C7: botzehrc@yahoo.co.jp | D7: 銀振会員（更新要ｶｸﾆﾝ）6ヶ月 | E7: 2024/12/21 00:00:00 | F7: 2025/06/20 00:00:00 | G7: 銀行振込（ROBOT） | H7: =VLOOKUP(D7,[1]金額リスト!$A$2:$B$6,2,FALSE) -> 114300 | I7: 1 | J7: =IFERROR(INDEX($F7:$H7,MATCH($J$1,$F7,0),3),0) -> 0 | K7: =IFERROR(INDEX($F7:$H7,MATCH($K$1,$F7,0),3),0) -> 0 | L7: =IFERROR(INDEX($F7:$H7,MATCH($L$1,$F7,0),3),0) -> 0 | M7: =IFERROR(INDEX($F7:$H7,MATCH($M$1,$F7,0),3),0) -> 0 | N7: =IFERROR(INDEX($F7:$H7,MATCH($N$1,$F7,0),3),0) -> 114300 | O7: =IFERROR(INDEX($F7:$H7,MATCH($O$1,$F7,0),3),0) -> 0 | P7: =IFERROR(INDEX($F7:$H7,MATCH($P$1,$F7,0),3),0) -> 0 | Q7: =IFERROR(INDEX($F7:$H7,MATCH($Q$1,$F7,0),3),0) -> 0 | R7: =IFERROR(INDEX($F7:$H7,MATCH($R$1,$F7,0),3),0) -> 0 | S7: =IFERROR(INDEX($F7:$H7,MATCH($S$1,$F7,0),3),0) -> 0 | T7: =IFERROR(INDEX($F7:$H7,MATCH($T$1,$F7,0),3),0) -> 0 | U7: =IFERROR(INDEX($F7:$H7,MATCH($U$1,$F7,0),3),0) -> 0 | V7: =IFERROR(INDEX($F7:$H7,MATCH($V$1,$F7,0),3),0) -> 0
A8: C-00074934 | B8: 廣田雅美 | C8: meru01312001@yahoo.co.jp | D8: 6ヶ月会員（ライト・クレカ自動更新） | E8: 2024/12/06 00:00:00 | F8: 2025/06/20 00:00:00 | G8: クレジットカード（ROBOT） | H8: =VLOOKUP(D8,[1]金額リスト!$A$2:$B$6,2,FALSE) -> 114300 | I8: 2 | J8: =IFERROR(INDEX($F8:$H8,MATCH($J$1,$F8,0),3),0) -> 0 | K8: =IFERROR(INDEX($F8:$H8,MATCH($K$1,$F8,0),3),0) -> 0 | L8: =IFERROR(INDEX($F8:$H8,MATCH($L$1,$F8,0),3),0) -> 0 | M8: =IFERROR(INDEX($F8:$H8,MATCH($M$1,$F8,0),3),0) -> 0 | N8: =IFERROR(INDEX($F8:$H8,MATCH($N$1,$F8,0),3),0) -> 114300 | O8: =IFERROR(INDEX($F8:$H8,MATCH($O$1,$F8,0),3),0) -> 0 | P8: =IFERROR(INDEX($F8:$H8,MATCH($P$1,$F8,0),3),0) -> 0 | Q8: =IFERROR(INDEX($F8:$H8,MATCH($Q$1,$F8,0),3),0) -> 0 | R8: =IFERROR(INDEX($F8:$H8,MATCH($R$1,$F8,0),3),0) -> 0 | S8: =IFERROR(INDEX($F8:$H8,MATCH($S$1,$F8,0),3),0) -> 0 | T8: =IFERROR(INDEX($F8:$H8,MATCH($T$1,$F8,0),3),0) -> 0 | U8: =IFERROR(INDEX($F8:$H8,MATCH($U$1,$F8,0),3),0) -> 0 | V8: =IFERROR(INDEX($F8:$H8,MATCH($V$1,$F8,0),3),0) -> 0
A9: C-00074931 | B9: 帆苅正典 | C9: nor.ism@icloud.com | D9: 6ヶ月会員（ライト・クレカ自動更新） | E9: 2024/12/09 00:00:00 | F9: 2025/06/20 00:00:00 | G9: クレジットカード（ROBOT） | H9: =VLOOKUP(D9,[1]金額リスト!$A$2:$B$6,2,FALSE) -> 114300 | I9: 2 | J9: =IFERROR(INDEX($F9:$H9,MATCH($J$1,$F9,0),3),0) -> 0 | K9: =IFERROR(INDEX($F9:$H9,MATCH($K$1,$F9,0),3),0) -> 0 | L9: =IFERROR(INDEX($F9:$H9,MATCH($L$1,$F9,0),3),0) -> 0 | M9: =IFERROR(INDEX($F9:$H9,MATCH($M$1,$F9,0),3),0) -> 0 | N9: =IFERROR(INDEX($F9:$H9,MATCH($N$1,$F9,0),3),0) -> 114300 | O9: =IFERROR(INDEX($F9:$H9,MATCH($O$1,$F9,0),3),0) -> 0 | P9: =IFERROR(INDEX($F9:$H9,MATCH($P$1,$F9,0),3),0) -> 0 | Q9: =IFERROR(INDEX($F9:$H9,MATCH($Q$1,$F9,0),3),0) -> 0 | R9: =IFERROR(INDEX($F9:$H9,MATCH($R$1,$F9,0),3),0) -> 0 | S9: =IFERROR(INDEX($F9:$H9,MATCH($S$1,$F9,0),3),0) -> 0 | T9: =IFERROR(INDEX($F9:$H9,MATCH($T$1,$F9,0),3),0) -> 0 | U9: =IFERROR(INDEX($F9:$H9,MATCH($U$1,$F9,0),3),0) -> 0 | V9: =IFERROR(INDEX($F9:$H9,MATCH($V$1,$F9,0),3),0) -> 0
A10: C-00074928 | B10: 吉田努 | C10: yoshimoo732507@gmail.com | D10: 6ヶ月会員（ライト・クレカ自動更新） | E10: 2024/12/08 00:00:00 | F10: 2025/06/20 00:00:00 | G10: クレジットカード（ROBOT） | H10: =VLOOKUP(D10,[1]金額リスト!$A$2:$B$6,2,FALSE) -> 114300 | I10: 2 | J10: =IFERROR(INDEX($F10:$H10,MATCH($J$1,$F10,0),3),0) -> 0 | K10: =IFERROR(INDEX($F10:$H10,MATCH($K$1,$F10,0),3),0) -> 0 | L10: =IFERROR(INDEX($F10:$H10,MATCH($L$1,$F10,0),3),0) -> 0 | M10: =IFERROR(INDEX($F10:$H10,MATCH($M$1,$F10,0),3),0) -> 0 | N10: =IFERROR(INDEX($F10:$H10,MATCH($N$1,$F10,0),3),0) -> 114300 | O10: =IFERROR(INDEX($F10:$H10,MATCH($O$1,$F10,0),3),0) -> 0 | P10: =IFERROR(INDEX($F10:$H10,MATCH($P$1,$F10,0),3),0) -> 0 | Q10: =IFERROR(INDEX($F10:$H10,MATCH($Q$1,$F10,0),3),0) -> 0 | R10: =IFERROR(INDEX($F10:$H10,MATCH($R$1,$F10,0),3),0) -> 0 | S10: =IFERROR(INDEX($F10:$H10,MATCH($S$1,$F10,0),3),0) -> 0 | T10: =IFERROR(INDEX($F10:$H10,MATCH($T$1,$F10,0),3),0) -> 0 | U10: =IFERROR(INDEX($F10:$H10,MATCH($U$1,$F10,0),3),0) -> 0 | V10: =IFERROR(INDEX($F10:$H10,MATCH($V$1,$F10,0),3),0) -> 0
A11: C-00074922 | B11: 上野利仁 | C11: toshi.hit.u@gmail.com | D11: 6ヶ月会員（ライト・クレカ自動更新） | E11: 2024/12/08 00:00:00 | F11: 2025/06/20 00:00:00 | G11: クレジットカード（ROBOT） | H11: =VLOOKUP(D11,[1]金額リスト!$A$2:$B$6,2,FALSE) -> 114300 | I11: 2 | J11: =IFERROR(INDEX($F11:$H11,MATCH($J$1,$F11,0),3),0) -> 0 | K11: =IFERROR(INDEX($F11:$H11,MATCH($K$1,$F11,0),3),0) -> 0 | L11: =IFERROR(INDEX($F11:$H11,MATCH($L$1,$F11,0),3),0) -> 0 | M11: =IFERROR(INDEX($F11:$H11,MATCH($M$1,$F11,0),3),0) -> 0 | N11: =IFERROR(INDEX($F11:$H11,MATCH($N$1,$F11,0),3),0) -> 114300 | O11: =IFERROR(INDEX($F11:$H11,MATCH($O$1,$F11,0),3),0) -> 0 | P11: =IFERROR(INDEX($F11:$H11,MATCH($P$1,$F11,0),3),0) -> 0 | Q11: =IFERROR(INDEX($F11:$H11,MATCH($Q$1,$F11,0),3),0) -> 0 | R11: =IFERROR(INDEX($F11:$H11,MATCH($R$1,$F11,0),3),0) -> 0 | S11: =IFERROR(INDEX($F11:$H11,MATCH($S$1,$F11,0),3),0) -> 0 | T11: =IFERROR(INDEX($F11:$H11,MATCH($T$1,$F11,0),3),0) -> 0 | U11: =IFERROR(INDEX($F11:$H11,MATCH($U$1,$F11,0),3),0) -> 0 | V11: =IFERROR(INDEX($F11:$H11,MATCH($V$1,$F11,0),3),0) -> 0
A12: C-00074916 | B12: 近藤洋文 | C12: kkdental1122@gmail.com | D12: 銀振会員（更新要ｶｸﾆﾝ）3ヶ月 | E12: 2024/12/23 00:00:00 | F12: 2025/03/20 00:00:00 | G12: 銀行振込（ROBOT） | H12: =VLOOKUP(D12,[1]金額リスト!$A$2:$B$6,2,FALSE) -> 59400 | I12: 1 | J12: =IFERROR(INDEX($F12:$H12,MATCH($J$1,$F12,0),3),0) -> 0 | K12: =IFERROR(INDEX($F12:$H12,MATCH($K$1,$F12,0),3),0) -> 59400 | L12: =IFERROR(INDEX($F12:$H12,MATCH($L$1,$F12,0),3),0) -> 0 | M12: =IFERROR(INDEX($F12:$H12,MATCH($M$1,$F12,0),3),0) -> 0 | N12: =IFERROR(INDEX($F12:$H12,MATCH($N$1,$F12,0),3),0) -> 0 | O12: =IFERROR(INDEX($F12:$H12,MATCH($O$1,$F12,0),3),0) -> 0 | P12: =IFERROR(INDEX($F12:$H12,MATCH($P$1,$F12,0),3),0) -> 0 | Q12: =IFERROR(INDEX($F12:$H12,MATCH($Q$1,$F12,0),3),0) -> 0 | R12: =IFERROR(INDEX($F12:$H12,MATCH($R$1,$F12,0),3),0) -> 0 | S12: =IFERROR(INDEX($F12:$H12,MATCH($S$1,$F12,0),3),0) -> 0 | T12: =IFERROR(INDEX($F12:$H12,MATCH($T$1,$F12,0),3),0) -> 0 | U12: =IFERROR(INDEX($F12:$H12,MATCH($U$1,$F12,0),3),0) -> 0 | V12: =IFERROR(INDEX($F12:$H12,MATCH($V$1,$F12,0),3),0) -> 0
A13: C-00074914 | B13: 西村与志郎 | C13: jl3sik@gmail.com | D13: 6ヶ月会員（ライト・クレカ自動更新） | E13: 2025/01/12 00:00:00 | F13: 2025/07/20 00:00:00 | G13: クレジットカード（ROBOT） | H13: =VLOOKUP(D13,[1]金額リスト!$A$2:$B$6,2,FALSE) -> 114300 | I13: 1 | J13: =IFERROR(INDEX($F13:$H13,MATCH($J$1,$F13,0),3),0) -> 0 | K13: =IFERROR(INDEX($F13:$H13,MATCH($K$1,$F13,0),3),0) -> 0 | L13: =IFERROR(INDEX($F13:$H13,MATCH($L$1,$F13,0),3),0) -> 0 | M13: =IFERROR(INDEX($F13:$H13,MATCH($M$1,$F13,0),3),0) -> 0 | N13: =IFERROR(INDEX($F13:$H13,MATCH($N$1,$F13,0),3),0) -> 0 | O13: =IFERROR(INDEX($F13:$H13,MATCH($O$1,$F13,0),3),0) -> 114300 | P13: =IFERROR(INDEX($F13:$H13,MATCH($P$1,$F13,0),3),0) -> 0 | Q13: =IFERROR(INDEX($F13:$H13,MATCH($Q$1,$F13,0),3),0) -> 0 | R13: =IFERROR(INDEX($F13:$H13,MATCH($R$1,$F13,0),3),0) -> 0 | S13: =IFERROR(INDEX($F13:$H13,MATCH($S$1,$F13,0),3),0) -> 0 | T13: =IFERROR(INDEX($F13:$H13,MATCH($T$1,$F13,0),3),0) -> 0 | U13: =IFERROR(INDEX($F13:$H13,MATCH($U$1,$F13,0),3),0) -> 0 | V13: =IFERROR(INDEX($F13:$H13,MATCH($V$1,$F13,0),3),0) -> 0
... A613: C-00018088 | B613: 福井雄士 | C613: hp@mayro.biz | D613: 3ヶ月会員（ライト・クレカ自動更新） | E613: 2024/04/20 00:00:00 | F613: 2025/04/20 00:00:00 | G613: クレジットカード（ROBOT） | H613: =VLOOKUP(D613,[1]金額リスト!$A$2:$B$6,2,FALSE) -> 59400 | I613: 1 | J613: =IFERROR(INDEX($F613:$H613,MATCH($J$1,$F613,0),3),0) -> 0 | K613: =IFERROR(INDEX($F613:$H613,MATCH($K$1,$F613,0),3),0) -> 0 | L613: =IFERROR(INDEX($F613:$H613,MATCH($L$1,$F613,0),3),0) -> 59400 | M613: =IFERROR(INDEX($F613:$H613,MATCH($M$1,$F613,0),3),0) -> 0 | N613: =IFERROR(INDEX($F613:$H613,MATCH($N$1,$F613,0),3),0) -> 0 | O613: =IFERROR(INDEX($F613:$H613,MATCH($O$1,$F613,0),3),0) -> 0 | P613: =IFERROR(INDEX($F613:$H613,MATCH($P$1,$F613,0),3),0) -> 0 | Q613: =IFERROR(INDEX($F613:$H613,MATCH($Q$1,$F613,0),3),0) -> 0 | R613: =IFERROR(INDEX($F613:$H613,MATCH($R$1,$F613,0),3),0) -> 0 | S613: =IFERROR(INDEX($F613:$H613,MATCH($S$1,$F613,0),3),0) -> 0 | T613: =IFERROR(INDEX($F613:$H613,MATCH($T$1,$F613,0),3),0) -> 0 | U613: =IFERROR(INDEX($F613:$H613,MATCH($U$1,$F613,0),3),0) -> 0 | V613: =IFERROR(INDEX($F613:$H613,MATCH($V$1,$F613,0),3),0) -> 0
A614: C-00017686 | B614: テスト東 | C614: hiroaki.higashi.res@gmail.com | D614: 3ヶ月会員（ライト・クレカ自動更新） | H614: =VLOOKUP(D614,[1]金額リスト!$A$2:$B$6,2,FALSE) -> 59400 | I614: 3 | J614: =IFERROR(INDEX($F614:$H614,MATCH($J$1,$F614,0),3),0) -> 0 | K614: =IFERROR(INDEX($F614:$H614,MATCH($K$1,$F614,0),3),0) -> 0 | L614: =IFERROR(INDEX($F614:$H614,MATCH($L$1,$F614,0),3),0) -> 0 | M614: =IFERROR(INDEX($F614:$H614,MATCH($M$1,$F614,0),3),0) -> 0 | N614: =IFERROR(INDEX($F614:$H614,MATCH($N$1,$F614,0),3),0) -> 0 | O614: =IFERROR(INDEX($F614:$H614,MATCH($O$1,$F614,0),3),0) -> 0 | P614: =IFERROR(INDEX($F614:$H614,MATCH($P$1,$F614,0),3),0) -> 0 | Q614: =IFERROR(INDEX($F614:$H614,MATCH($Q$1,$F614,0),3),0) -> 0 | R614: =IFERROR(INDEX($F614:$H614,MATCH($R$1,$F614,0),3),0) -> 0 | S614: =IFERROR(INDEX($F614:$H614,MATCH($S$1,$F614,0),3),0) -> 0 | T614: =IFERROR(INDEX($F614:$H614,MATCH($T$1,$F614,0),3),0) -> 0 | U614: =IFERROR(INDEX($F614:$H614,MATCH($U$1,$F614,0),3),0) -> 0 | V614: =IFERROR(INDEX($F614:$H614,MATCH($V$1,$F614,0),3),0) -> 0
A615: C-00017451 | B615: 福島泉 | C615: izumi000126@gmail.com | D615: 6ヶ月会員（ライト・クレカ自動更新） | E615: 2023/09/21 00:00:00 | F615: 2025/03/20 00:00:00 | G615: クレジットカード（ROBOT） | H615: =VLOOKUP(D615,[1]金額リスト!$A$2:$B$6,2,FALSE) -> 114300 | I615: 5 | J615: =IFERROR(INDEX($F615:$H615,MATCH($J$1,$F615,0),3),0) -> 0 | K615: =IFERROR(INDEX($F615:$H615,MATCH($K$1,$F615,0),3),0) -> 114300 | L615: =IFERROR(INDEX($F615:$H615,MATCH($L$1,$F615,0),3),0) -> 0 | M615: =IFERROR(INDEX($F615:$H615,MATCH($M$1,$F615,0),3),0) -> 0 | N615: =IFERROR(INDEX($F615:$H615,MATCH($N$1,$F615,0),3),0) -> 0 | O615: =IFERROR(INDEX($F615:$H615,MATCH($O$1,$F615,0),3),0) -> 0 | P615: =IFERROR(INDEX($F615:$H615,MATCH($P$1,$F615,0),3),0) -> 0 | Q615: =IFERROR(INDEX($F615:$H615,MATCH($Q$1,$F615,0),3),0) -> 0 | R615: =IFERROR(INDEX($F615:$H615,MATCH($R$1,$F615,0),3),0) -> 0 | S615: =IFERROR(INDEX($F615:$H615,MATCH($S$1,$F615,0),3),0) -> 0 | T615: =IFERROR(INDEX($F615:$H615,MATCH($T$1,$F615,0),3),0) -> 0 | U615: =IFERROR(INDEX($F615:$H615,MATCH($U$1,$F615,0),3),0) -> 0 | V615: =IFERROR(INDEX($F615:$H615,MATCH($V$1,$F615,0),3),0) -> 0
A616: C-00017224 | B616: 五月女真英 | C616: sagittarius.ms1975@gmail.com | D616: 6ヶ月会員（ライト・クレカ自動更新） | E616: 2024/04/17 00:00:00 | F616: 2025/04/20 00:00:00 | G616: クレジットカード（ROBOT） | H616: =VLOOKUP(D616,[1]金額リスト!$A$2:$B$6,2,FALSE) -> 114300 | I616: 4 | J616: =IFERROR(INDEX($F616:$H616,MATCH($J$1,$F616,0),3),0) -> 0 | K616: =IFERROR(INDEX($F616:$H616,MATCH($K$1,$F616,0),3),0) -> 0 | L616: =IFERROR(INDEX($F616:$H616,MATCH($L$1,$F616,0),3),0) -> 114300 | M616: =IFERROR(INDEX($F616:$H616,MATCH($M$1,$F616,0),3),0) -> 0 | N616: =IFERROR(INDEX($F616:$H616,MATCH($N$1,$F616,0),3),0) -> 0 | O616: =IFERROR(INDEX($F616:$H616,MATCH($O$1,$F616,0),3),0) -> 0 | P616: =IFERROR(INDEX($F616:$H616,MATCH($P$1,$F616,0),3),0) -> 0 | Q616: =IFERROR(INDEX($F616:$H616,MATCH($Q$1,$F616,0),3),0) -> 0 | R616: =IFERROR(INDEX($F616:$H616,MATCH($R$1,$F616,0),3),0) -> 0 | S616: =IFERROR(INDEX($F616:$H616,MATCH($S$1,$F616,0),3),0) -> 0 | T616: =IFERROR(INDEX($F616:$H616,MATCH($T$1,$F616,0),3),0) -> 0 | U616: =IFERROR(INDEX($F616:$H616,MATCH($U$1,$F616,0),3),0) -> 0 | V616: =IFERROR(INDEX($F616:$H616,MATCH($V$1,$F616,0),3),0) -> 0
A617: C-00017086 | B617: 因幡義人 | C617: toyako178@gmail.com | D617: 3ヶ月会員（ライト・クレカ自動更新） | E617: 2024/04/10 00:00:00 | F617: 2025/04/20 00:00:00 | G617: クレジットカード（ROBOT） | H617: =VLOOKUP(D617,[1]金額リスト!$A$2:$B$6,2,FALSE) -> 59400 | I617: 1 | J617: =IFERROR(INDEX($F617:$H617,MATCH($J$1,$F617,0),3),0) -> 0 | K617: =IFERROR(INDEX($F617:$H617,MATCH($K$1,$F617,0),3),0) -> 0 | L617: =IFERROR(INDEX($F617:$H617,MATCH($L$1,$F617,0),3),0) -> 59400 | M617: =IFERROR(INDEX($F617:$H617,MATCH($M$1,$F617,0),3),0) -> 0 | N617: =IFERROR(INDEX($F617:$H617,MATCH($N$1,$F617,0),3),0) -> 0 | O617: =IFERROR(INDEX($F617:$H617,MATCH($O$1,$F617,0),3),0) -> 0 | P617: =IFERROR(INDEX($F617:$H617,MATCH($P$1,$F617,0),3),0) -> 0 | Q617: =IFERROR(INDEX($F617:$H617,MATCH($Q$1,$F617,0),3),0) -> 0 | R617: =IFERROR(INDEX($F617:$H617,MATCH($R$1,$F617,0),3),0) -> 0 | S617: =IFERROR(INDEX($F617:$H617,MATCH($S$1,$F617,0),3),0) -> 0 | T617: =IFERROR(INDEX($F617:$H617,MATCH($T$1,$F617,0),3),0) -> 0 | U617: =IFERROR(INDEX($F617:$H617,MATCH($U$1,$F617,0),3),0) -> 0 | V617: =IFERROR(INDEX($F617:$H617,MATCH($V$1,$F617,0),3),0) -> 0
A618: C-00017042 | B618: 長野修也 | C618: spirytushu@gmail.com | D618: 6ヶ月会員（ライト・クレカ自動更新） | E618: 2023/09/30 00:00:00 | F618: 2025/03/20 00:00:00 | G618: クレジットカード（ROBOT） | H618: =VLOOKUP(D618,[1]金額リスト!$A$2:$B$6,2,FALSE) -> 114300 | I618: 5 | J618: =IFERROR(INDEX($F618:$H618,MATCH($J$1,$F618,0),3),0) -> 0 | K618: =IFERROR(INDEX($F618:$H618,MATCH($K$1,$F618,0),3),0) -> 114300 | L618: =IFERROR(INDEX($F618:$H618,MATCH($L$1,$F618,0),3),0) -> 0 | M618: =IFERROR(INDEX($F618:$H618,MATCH($M$1,$F618,0),3),0) -> 0 | N618: =IFERROR(INDEX($F618:$H618,MATCH($N$1,$F618,0),3),0) -> 0 | O618: =IFERROR(INDEX($F618:$H618,MATCH($O$1,$F618,0),3),0) -> 0 | P618: =IFERROR(INDEX($F618:$H618,MATCH($P$1,$F618,0),3),0) -> 0 | Q618: =IFERROR(INDEX($F618:$H618,MATCH($Q$1,$F618,0),3),0) -> 0 | R618: =IFERROR(INDEX($F618:$H618,MATCH($R$1,$F618,0),3),0) -> 0 | S618: =IFERROR(INDEX($F618:$H618,MATCH($S$1,$F618,0),3),0) -> 0 | T618: =IFERROR(INDEX($F618:$H618,MATCH($T$1,$F618,0),3),0) -> 0 | U618: =IFERROR(INDEX($F618:$H618,MATCH($U$1,$F618,0),3),0) -> 0 | V618: =IFERROR(INDEX($F618:$H618,MATCH($V$1,$F618,0),3),0) -> 0
A619: C-00017016 | B619: 鷲山淳 | C619: wasshoy.jun@gmail.com | D619: 6ヶ月会員（ライト・クレカ自動更新） | E619: 2024/04/24 00:00:00 | F619: 2025/04/20 00:00:00 | G619: クレジットカード（ROBOT） | H619: =VLOOKUP(D619,[1]金額リスト!$A$2:$B$6,2,FALSE) -> 114300 | I619: 4 | J619: =IFERROR(INDEX($F619:$H619,MATCH($J$1,$F619,0),3),0) -> 0 | K619: =IFERROR(INDEX($F619:$H619,MATCH($K$1,$F619,0),3),0) -> 0 | L619: =IFERROR(INDEX($F619:$H619,MATCH($L$1,$F619,0),3),0) -> 114300 | M619: =IFERROR(INDEX($F619:$H619,MATCH($M$1,$F619,0),3),0) -> 0 | N619: =IFERROR(INDEX($F619:$H619,MATCH($N$1,$F619,0),3),0) -> 0 | O619: =IFERROR(INDEX($F619:$H619,MATCH($O$1,$F619,0),3),0) -> 0 | P619: =IFERROR(INDEX($F619:$H619,MATCH($P$1,$F619,0),3),0) -> 0 | Q619: =IFERROR(INDEX($F619:$H619,MATCH($Q$1,$F619,0),3),0) -> 0 | R619: =IFERROR(INDEX($F619:$H619,MATCH($R$1,$F619,0),3),0) -> 0 | S619: =IFERROR(INDEX($F619:$H619,MATCH($S$1,$F619,0),3),0) -> 0 | T619: =IFERROR(INDEX($F619:$H619,MATCH($T$1,$F619,0),3),0) -> 0 | U619: =IFERROR(INDEX($F619:$H619,MATCH($U$1,$F619,0),3),0) -> 0 | V619: =IFERROR(INDEX($F619:$H619,MATCH($V$1,$F619,0),3),0) -> 0
A620: C-00016827 | B620: 中西祷 | C620: suntao0430@hotmail.com | D620: 6ヶ月会員（ライト・クレカ自動更新） | E620: 2023/11/28 00:00:00 | F620: 2025/05/20 00:00:00 | G620: クレジットカード（ROBOT） | H620: =VLOOKUP(D620,[1]金額リスト!$A$2:$B$6,2,FALSE) -> 114300 | I620: 3 | J620: =IFERROR(INDEX($F620:$H620,MATCH($J$1,$F620,0),3),0) -> 0 | K620: =IFERROR(INDEX($F620:$H620,MATCH($K$1,$F620,0),3),0) -> 0 | L620: =IFERROR(INDEX($F620:$H620,MATCH($L$1,$F620,0),3),0) -> 0 | M620: =IFERROR(INDEX($F620:$H620,MATCH($M$1,$F620,0),3),0) -> 114300 | N620: =IFERROR(INDEX($F620:$H620,MATCH($N$1,$F620,0),3),0) -> 0 | O620: =IFERROR(INDEX($F620:$H620,MATCH($O$1,$F620,0),3),0) -> 0 | P620: =IFERROR(INDEX($F620:$H620,MATCH($P$1,$F620,0),3),0) -> 0 | Q620: =IFERROR(INDEX($F620:$H620,MATCH($Q$1,$F620,0),3),0) -> 0 | R620: =IFERROR(INDEX($F620:$H620,MATCH($R$1,$F620,0),3),0) -> 0 | S620: =IFERROR(INDEX($F620:$H620,MATCH($S$1,$F620,0),3),0) -> 0 | T620: =IFERROR(INDEX($F620:$H620,MATCH($T$1,$F620,0),3),0) -> 0 | U620: =IFERROR(INDEX($F620:$H620,MATCH($U$1,$F620,0),3),0) -> 0 | V620: =IFERROR(INDEX($F620:$H620,MATCH($V$1,$F620,0),3),0) -> 0
A621: C-00016687 | B621: 今井英樹 | C621: hide19730513@icloud.com | D621: 6ヶ月会員（ライト・クレカ自動更新） | E621: 2024/12/23 00:00:00 | F621: 2025/06/20 00:00:00 | G621: クレジットカード（ROBOT） | H621: =VLOOKUP(D621,[1]金額リスト!$A$2:$B$6,2,FALSE) -> 114300 | I621: 2 | J621: =IFERROR(INDEX($F621:$H621,MATCH($J$1,$F621,0),3),0) -> 0 | K621: =IFERROR(INDEX($F621:$H621,MATCH($K$1,$F621,0),3),0) -> 0 | L621: =IFERROR(INDEX($F621:$H621,MATCH($L$1,$F621,0),3),0) -> 0 | M621: =IFERROR(INDEX($F621:$H621,MATCH($M$1,$F621,0),3),0) -> 0 | N621: =IFERROR(INDEX($F621:$H621,MATCH($N$1,$F621,0),3),0) -> 114300 | O621: =IFERROR(INDEX($F621:$H621,MATCH($O$1,$F621,0),3),0) -> 0 | P621: =IFERROR(INDEX($F621:$H621,MATCH($P$1,$F621,0),3),0) -> 0 | Q621: =IFERROR(INDEX($F621:$H621,MATCH($Q$1,$F621,0),3),0) -> 0 | R621: =IFERROR(INDEX($F621:$H621,MATCH($R$1,$F621,0),3),0) -> 0 | S621: =IFERROR(INDEX($F621:$H621,MATCH($S$1,$F621,0),3),0) -> 0 | T621: =IFERROR(INDEX($F621:$H621,MATCH($T$1,$F621,0),3),0) -> 0 | U621: =IFERROR(INDEX($F621:$H621,MATCH($U$1,$F621,0),3),0) -> 0 | V621: =IFERROR(INDEX($F621:$H621,MATCH($V$1,$F621,0),3),0) -> 0
A622: C-00016374 | B622: 北原勇 | C622: yunyou889@yahoo.co.jp | D622: Apex年間会員（自動更新） | E622: 2025/02/06 00:00:00 | F622: 2026/02/20 00:00:00 | G622: クレジットカード（ROBOT） | H622: =VLOOKUP(D622,[1]金額リスト!$A$2:$B$6,2,FALSE) -> 113220 | I622: 1 | J622: =IFERROR(INDEX($F622:$H622,MATCH($J$1,$F622,0),3),0) -> 0 | K622: =IFERROR(INDEX($F622:$H622,MATCH($K$1,$F622,0),3),0) -> 0 | L622: =IFERROR(INDEX($F622:$H622,MATCH($L$1,$F622,0),3),0) -> 0 | M622: =IFERROR(INDEX($F622:$H622,MATCH($M$1,$F622,0),3),0) -> 0 | N622: =IFERROR(INDEX($F622:$H622,MATCH($N$1,$F622,0),3),0) -> 0 | O622: =IFERROR(INDEX($F622:$H622,MATCH($O$1,$F622,0),3),0) -> 0 | P622: =IFERROR(INDEX($F622:$H622,MATCH($P$1,$F622,0),3),0) -> 0 | Q622: =IFERROR(INDEX($F622:$H622,MATCH($Q$1,$F622,0),3),0) -> 0 | R622: =IFERROR(INDEX($F622:$H622,MATCH($R$1,$F622,0),3),0) -> 0 | S622: =IFERROR(INDEX($F622:$H622,MATCH($S$1,$F622,0),3),0) -> 0 | T622: =IFERROR(INDEX($F622:$H622,MATCH($T$1,$F622,0),3),0) -> 0 | U622: =IFERROR(INDEX($F622:$H622,MATCH($U$1,$F622,0),3),0) -> 0 | V622: =IFERROR(INDEX($F622:$H622,MATCH($V$1,$F622,0),3),0) -> 113220
A623: C-00016159 | B623: 田中志郎 | C623: syart0928@gmail.com | D623: 6ヶ月会員（ライト・クレカ自動更新） | E623: 2024/04/16 00:00:00 | F623: 2025/04/20 00:00:00 | G623: クレジットカード（ROBOT） | H623: =VLOOKUP(D623,[1]金額リスト!$A$2:$B$6,2,FALSE) -> 114300 | I623: 4 | J623: =IFERROR(INDEX($F623:$H623,MATCH($J$1,$F623,0),3),0) -> 0 | K623: =IFERROR(INDEX($F623:$H623,MATCH($K$1,$F623,0),3),0) -> 0 | L623: =IFERROR(INDEX($F623:$H623,MATCH($L$1,$F623,0),3),0) -> 114300 | M623: =IFERROR(INDEX($F623:$H623,MATCH($M$1,$F623,0),3),0) -> 0 | N623: =IFERROR(INDEX($F623:$H623,MATCH($N$1,$F623,0),3),0) -> 0 | O623: =IFERROR(INDEX($F623:$H623,MATCH($O$1,$F623,0),3),0) -> 0 | P623: =IFERROR(INDEX($F623:$H623,MATCH($P$1,$F623,0),3),0) -> 0 | Q623: =IFERROR(INDEX($F623:$H623,MATCH($Q$1,$F623,0),3),0) -> 0 | R623: =IFERROR(INDEX($F623:$H623,MATCH($R$1,$F623,0),3),0) -> 0 | S623: =IFERROR(INDEX($F623:$H623,MATCH($S$1,$F623,0),3),0) -> 0 | T623: =IFERROR(INDEX($F623:$H623,MATCH($T$1,$F623,0),3),0) -> 0 | U623: =IFERROR(INDEX($F623:$H623,MATCH($U$1,$F623,0),3),0) -> 0 | V623: =IFERROR(INDEX($F623:$H623,MATCH($V$1,$F623,0),3),0) -> 0
A624: C-00015663 | B624: 林静枝 | C624: parukawa1809@yahoo.co.jp | D624: 銀振会員（更新要ｶｸﾆﾝ）6ヶ月 | E624: 2024/12/17 00:00:00 | F624: 2025/06/20 00:00:00 | G624: 銀行振込（ROBOT） | H624: =VLOOKUP(D624,[1]金額リスト!$A$2:$B$6,2,FALSE) -> 114300 | I624: 1 | J624: =IFERROR(INDEX($F624:$H624,MATCH($J$1,$F624,0),3),0) -> 0 | K624: =IFERROR(INDEX($F624:$H624,MATCH($K$1,$F624,0),3),0) -> 0 | L624: =IFERROR(INDEX($F624:$H624,MATCH($L$1,$F624,0),3),0) -> 0 | M624: =IFERROR(INDEX($F624:$H624,MATCH($M$1,$F624,0),3),0) -> 0 | N624: =IFERROR(INDEX($F624:$H624,MATCH($N$1,$F624,0),3),0) -> 114300 | O624: =IFERROR(INDEX($F624:$H624,MATCH($O$1,$F624,0),3),0) -> 0 | P624: =IFERROR(INDEX($F624:$H624,MATCH($P$1,$F624,0),3),0) -> 0 | Q624: =IFERROR(INDEX($F624:$H624,MATCH($Q$1,$F624,0),3),0) -> 0 | R624: =IFERROR(INDEX($F624:$H624,MATCH($R$1,$F624,0),3),0) -> 0 | S624: =IFERROR(INDEX($F624:$H624,MATCH($S$1,$F624,0),3),0) -> 0 | T624: =IFERROR(INDEX($F624:$H624,MATCH($T$1,$F624,0),3),0) -> 0 | U624: =IFERROR(INDEX($F624:$H624,MATCH($U$1,$F624,0),3),0) -> 0 | V624: =IFERROR(INDEX($F624:$H624,MATCH($V$1,$F624,0),3),0) -> 0
A625: C-00015564 | B625: 森山善弘 | C625: zenkou.m@gmail.com | D625: 6ヶ月会員（ライト・クレカ自動更新） | E625: 2024/04/13 00:00:00 | F625: 2025/04/20 00:00:00 | G625: クレジットカード（ROBOT） | H625: =VLOOKUP(D625,[1]金額リスト!$A$2:$B$6,2,FALSE) -> 114300 | I625: 4 | J625: =IFERROR(INDEX($F625:$H625,MATCH($J$1,$F625,0),3),0) -> 0 | K625: =IFERROR(INDEX($F625:$H625,MATCH($K$1,$F625,0),3),0) -> 0 | L625: =IFERROR(INDEX($F625:$H625,MATCH($L$1,$F625,0),3),0) -> 114300 | M625: =IFERROR(INDEX($F625:$H625,MATCH($M$1,$F625,0),3),0) -> 0 | N625: =IFERROR(INDEX($F625:$H625,MATCH($N$1,$F625,0),3),0) -> 0 | O625: =IFERROR(INDEX($F625:$H625,MATCH($O$1,$F625,0),3),0) -> 0 | P625: =IFERROR(INDEX($F625:$H625,MATCH($P$1,$F625,0),3),0) -> 0 | Q625: =IFERROR(INDEX($F625:$H625,MATCH($Q$1,$F625,0),3),0) -> 0 | R625: =IFERROR(INDEX($F625:$H625,MATCH($R$1,$F625,0),3),0) -> 0 | S625: =IFERROR(INDEX($F625:$H625,MATCH($S$1,$F625,0),3),0) -> 0 | T625: =IFERROR(INDEX($F625:$H625,MATCH($T$1,$F625,0),3),0) -> 0 | U625: =IFERROR(INDEX($F625:$H625,MATCH($U$1,$F625,0),3),0) -> 0 | V625: =IFERROR(INDEX($F625:$H625,MATCH($V$1,$F625,0),3),0) -> 0
A626: C-00015365 | B626: 高桑一也 | C626: onego15@gmail.com | D626: 6ヶ月会員（ライト・クレカ自動更新） | E626: 2024/04/15 00:00:00 | F626: 2025/04/20 00:00:00 | G626: クレジットカード（ROBOT） | H626: =VLOOKUP(D626,[1]金額リスト!$A$2:$B$6,2,FALSE) -> 114300 | I626: 4 | J626: =IFERROR(INDEX($F626:$H626,MATCH($J$1,$F626,0),3),0) -> 0 | K626: =IFERROR(INDEX($F626:$H626,MATCH($K$1,$F626,0),3),0) -> 0 | L626: =IFERROR(INDEX($F626:$H626,MATCH($L$1,$F626,0),3),0) -> 114300 | M626: =IFERROR(INDEX($F626:$H626,MATCH($M$1,$F626,0),3),0) -> 0 | N626: =IFERROR(INDEX($F626:$H626,MATCH($N$1,$F626,0),3),0) -> 0 | O626: =IFERROR(INDEX($F626:$H626,MATCH($O$1,$F626,0),3),0) -> 0 | P626: =IFERROR(INDEX($F626:$H626,MATCH($P$1,$F626,0),3),0) -> 0 | Q626: =IFERROR(INDEX($F626:$H626,MATCH($Q$1,$F626,0),3),0) -> 0 | R626: =IFERROR(INDEX($F626:$H626,MATCH($R$1,$F626,0),3),0) -> 0 | S626: =IFERROR(INDEX($F626:$H626,MATCH($S$1,$F626,0),3),0) -> 0 | T626: =IFERROR(INDEX($F626:$H626,MATCH($T$1,$F626,0),3),0) -> 0 | U626: =IFERROR(INDEX($F626:$H626,MATCH($U$1,$F626,0),3),0) -> 0 | V626: =IFERROR(INDEX($F626:$H626,MATCH($V$1,$F626,0),3),0) -> 0
... A647: C-00011517 | B647: 石原澄香 | C647: agashi@za.ztv.ne.jp | D647: 6ヶ月会員（ライト・クレカ自動更新） | E647: 2024/04/11 00:00:00 | F647: 2025/04/20 00:00:00 | G647: クレジットカード（ROBOT） | H647: =VLOOKUP(D647,[1]金額リスト!$A$2:$B$6,2,FALSE) -> 114300 | I647: 4 | J647: =IFERROR(INDEX($F647:$H647,MATCH($J$1,$F647,0),3),0) -> 0 | K647: =IFERROR(INDEX($F647:$H647,MATCH($K$1,$F647,0),3),0) -> 0 | L647: =IFERROR(INDEX($F647:$H647,MATCH($L$1,$F647,0),3),0) -> 114300 | M647: =IFERROR(INDEX($F647:$H647,MATCH($M$1,$F647,0),3),0) -> 0 | N647: =IFERROR(INDEX($F647:$H647,MATCH($N$1,$F647,0),3),0) -> 0 | O647: =IFERROR(INDEX($F647:$H647,MATCH($O$1,$F647,0),3),0) -> 0 | P647: =IFERROR(INDEX($F647:$H647,MATCH($P$1,$F647,0),3),0) -> 0 | Q647: =IFERROR(INDEX($F647:$H647,MATCH($Q$1,$F647,0),3),0) -> 0 | R647: =IFERROR(INDEX($F647:$H647,MATCH($R$1,$F647,0),3),0) -> 0 | S647: =IFERROR(INDEX($F647:$H647,MATCH($S$1,$F647,0),3),0) -> 0 | T647: =IFERROR(INDEX($F647:$H647,MATCH($T$1,$F647,0),3),0) -> 0 | U647: =IFERROR(INDEX($F647:$H647,MATCH($U$1,$F647,0),3),0) -> 0 | V647: =IFERROR(INDEX($F647:$H647,MATCH($V$1,$F647,0),3),0) -> 0
A648: C-00011116 | B648: テスト秋池 | C648: saori.akiike.jim@gmail.com | D648: 銀振会員（更新要ｶｸﾆﾝ）6ヶ月 | E648: 2024/04/04 00:00:00 | G648: 銀行振込（ROBOT） | H648: =VLOOKUP(D648,[1]金額リスト!$A$2:$B$6,2,FALSE) -> 114300 | I648: 1 | J648: =IFERROR(INDEX($F648:$H648,MATCH($J$1,$F648,0),3),0) -> 0 | K648: =IFERROR(INDEX($F648:$H648,MATCH($K$1,$F648,0),3),0) -> 0 | L648: =IFERROR(INDEX($F648:$H648,MATCH($L$1,$F648,0),3),0) -> 0 | M648: =IFERROR(INDEX($F648:$H648,MATCH($M$1,$F648,0),3),0) -> 0 | N648: =IFERROR(INDEX($F648:$H648,MATCH($N$1,$F648,0),3),0) -> 0 | O648: =IFERROR(INDEX($F648:$H648,MATCH($O$1,$F648,0),3),0) -> 0 | P648: =IFERROR(INDEX($F648:$H648,MATCH($P$1,$F648,0),3),0) -> 0 | Q648: =IFERROR(INDEX($F648:$H648,MATCH($Q$1,$F648,0),3),0) -> 0 | R648: =IFERROR(INDEX($F648:$H648,MATCH($R$1,$F648,0),3),0) -> 0 | S648: =IFERROR(INDEX($F648:$H648,MATCH($S$1,$F648,0),3),0) -> 0 | T648: =IFERROR(INDEX($F648:$H648,MATCH($T$1,$F648,0),3),0) -> 0 | U648: =IFERROR(INDEX($F648:$H648,MATCH($U$1,$F648,0),3),0) -> 0 | V648: =IFERROR(INDEX($F648:$H648,MATCH($V$1,$F648,0),3),0) -> 0
A649: C-00010769 | B649: 角谷啓太 | C649: baconjapan@gmail.com | D649: Apex年間会員（自動更新） | E649: 2025/02/02 00:00:00 | F649: 2026/02/20 00:00:00 | G649: クレジットカード（ROBOT） | H649: =VLOOKUP(D649,[1]金額リスト!$A$2:$B$6,2,FALSE) -> 113220 | I649: 1 | J649: =IFERROR(INDEX($F649:$H649,MATCH($J$1,$F649,0),3),0) -> 0 | K649: =IFERROR(INDEX($F649:$H649,MATCH($K$1,$F649,0),3),0) -> 0 | L649: =IFERROR(INDEX($F649:$H649,MATCH($L$1,$F649,0),3),0) -> 0 | M649: =IFERROR(INDEX($F649:$H649,MATCH($M$1,$F649,0),3),0) -> 0 | N649: =IFERROR(INDEX($F649:$H649,MATCH($N$1,$F649,0),3),0) -> 0 | O649: =IFERROR(INDEX($F649:$H649,MATCH($O$1,$F649,0),3),0) -> 0 | P649: =IFERROR(INDEX($F649:$H649,MATCH($P$1,$F649,0),3),0) -> 0 | Q649: =IFERROR(INDEX($F649:$H649,MATCH($Q$1,$F649,0),3),0) -> 0 | R649: =IFERROR(INDEX($F649:$H649,MATCH($R$1,$F649,0),3),0) -> 0 | S649: =IFERROR(INDEX($F649:$H649,MATCH($S$1,$F649,0),3),0) -> 0 | T649: =IFERROR(INDEX($F649:$H649,MATCH($T$1,$F649,0),3),0) -> 0 | U649: =IFERROR(INDEX($F649:$H649,MATCH($U$1,$F649,0),3),0) -> 0 | V649: =IFERROR(INDEX($F649:$H649,MATCH($V$1,$F649,0),3),0) -> 113220
A650: C-00010742 | B650: 平井満晴 | C650: escamillas@docomo.ne.jp | D650: 3ヶ月会員（ライト・クレカ自動更新） | E650: 2024/10/30 00:00:00 | F650: 2025/04/20 00:00:00 | G650: クレジットカード（ROBOT） | H650: =VLOOKUP(D650,[1]金額リスト!$A$2:$B$6,2,FALSE) -> 59400 | I650: 1 | J650: =IFERROR(INDEX($F650:$H650,MATCH($J$1,$F650,0),3),0) -> 0 | K650: =IFERROR(INDEX($F650:$H650,MATCH($K$1,$F650,0),3),0) -> 0 | L650: =IFERROR(INDEX($F650:$H650,MATCH($L$1,$F650,0),3),0) -> 59400 | M650: =IFERROR(INDEX($F650:$H650,MATCH($M$1,$F650,0),3),0) -> 0 | N650: =IFERROR(INDEX($F650:$H650,MATCH($N$1,$F650,0),3),0) -> 0 | O650: =IFERROR(INDEX($F650:$H650,MATCH($O$1,$F650,0),3),0) -> 0 | P650: =IFERROR(INDEX($F650:$H650,MATCH($P$1,$F650,0),3),0) -> 0 | Q650: =IFERROR(INDEX($F650:$H650,MATCH($Q$1,$F650,0),3),0) -> 0 | R650: =IFERROR(INDEX($F650:$H650,MATCH($R$1,$F650,0),3),0) -> 0 | S650: =IFERROR(INDEX($F650:$H650,MATCH($S$1,$F650,0),3),0) -> 0 | T650: =IFERROR(INDEX($F650:$H650,MATCH($T$1,$F650,0),3),0) -> 0 | U650: =IFERROR(INDEX($F650:$H650,MATCH($U$1,$F650,0),3),0) -> 0 | V650: =IFERROR(INDEX($F650:$H650,MATCH($V$1,$F650,0),3),0) -> 0
A651: C-00010694 | B651: 上田公美子 | C651: hanahana.po@gmail.com | D651: 6ヶ月会員（ライト・クレカ自動更新） | E651: 2024/04/11 00:00:00 | F651: 2025/04/20 00:00:00 | G651: クレジットカード（ROBOT） | H651: =VLOOKUP(D651,[1]金額リスト!$A$2:$B$6,2,FALSE) -> 114300 | I651: 4 | J651: =IFERROR(INDEX($F651:$H651,MATCH($J$1,$F651,0),3),0) -> 0 | K651: =IFERROR(INDEX($F651:$H651,MATCH($K$1,$F651,0),3),0) -> 0 | L651: =IFERROR(INDEX($F651:$H651,MATCH($L$1,$F651,0),3),0) -> 114300 | M651: =IFERROR(INDEX($F651:$H651,MATCH($M$1,$F651,0),3),0) -> 0 | N651: =IFERROR(INDEX($F651:$H651,MATCH($N$1,$F651,0),3),0) -> 0 | O651: =IFERROR(INDEX($F651:$H651,MATCH($O$1,$F651,0),3),0) -> 0 | P651: =IFERROR(INDEX($F651:$H651,MATCH($P$1,$F651,0),3),0) -> 0 | Q651: =IFERROR(INDEX($F651:$H651,MATCH($Q$1,$F651,0),3),0) -> 0 | R651: =IFERROR(INDEX($F651:$H651,MATCH($R$1,$F651,0),3),0) -> 0 | S651: =IFERROR(INDEX($F651:$H651,MATCH($S$1,$F651,0),3),0) -> 0 | T651: =IFERROR(INDEX($F651:$H651,MATCH($T$1,$F651,0),3),0) -> 0 | U651: =IFERROR(INDEX($F651:$H651,MATCH($U$1,$F651,0),3),0) -> 0 | V651: =IFERROR(INDEX($F651:$H651,MATCH($V$1,$F651,0),3),0) -> 0
A652: C-00010674 | B652: 澤田又彦 | C652: youyuan0420@yahoo.co.jp | D652: 3ヶ月会員（ライト・クレカ自動更新） | E652: 2023/02/16 00:00:00 | F652: 2025/02/20 00:00:00 | G652: クレジットカード（ROBOT） | H652: =VLOOKUP(D652,[1]金額リスト!$A$2:$B$6,2,FALSE) -> 59400 | I652: 3 | J652: =IFERROR(INDEX($F652:$H652,MATCH($J$1,$F652,0),3),0) -> 59400 | K652: =IFERROR(INDEX($F652:$H652,MATCH($K$1,$F652,0),3),0) -> 0 | L652: =IFERROR(INDEX($F652:$H652,MATCH($L$1,$F652,0),3),0) -> 0 | M652: =IFERROR(INDEX($F652:$H652,MATCH($M$1,$F652,0),3),0) -> 0 | N652: =IFERROR(INDEX($F652:$H652,MATCH($N$1,$F652,0),3),0) -> 0 | O652: =IFERROR(INDEX($F652:$H652,MATCH($O$1,$F652,0),3),0) -> 0 | P652: =IFERROR(INDEX($F652:$H652,MATCH($P$1,$F652,0),3),0) -> 0 | Q652: =IFERROR(INDEX($F652:$H652,MATCH($Q$1,$F652,0),3),0) -> 0 | R652: =IFERROR(INDEX($F652:$H652,MATCH($R$1,$F652,0),3),0) -> 0 | S652: =IFERROR(INDEX($F652:$H652,MATCH($S$1,$F652,0),3),0) -> 0 | T652: =IFERROR(INDEX($F652:$H652,MATCH($T$1,$F652,0),3),0) -> 0 | U652: =IFERROR(INDEX($F652:$H652,MATCH($U$1,$F652,0),3),0) -> 0 | V652: =IFERROR(INDEX($F652:$H652,MATCH($V$1,$F652,0),3),0) -> 0
A653: C-00010415 | B653: 安藤浩二 | C653: ando913224904@gmail.com | D653: Apex年間会員（自動更新） | E653: 2024/08/02 00:00:00 | F653: 2025/08/20 00:00:00 | G653: クレジットカード（ROBOT） | H653: =VLOOKUP(D653,[1]金額リスト!$A$2:$B$6,2,FALSE) -> 113220 | I653: 6 | J653: =IFERROR(INDEX($F653:$H653,MATCH($J$1,$F653,0),3),0) -> 0 | K653: =IFERROR(INDEX($F653:$H653,MATCH($K$1,$F653,0),3),0) -> 0 | L653: =IFERROR(INDEX($F653:$H653,MATCH($L$1,$F653,0),3),0) -> 0 | M653: =IFERROR(INDEX($F653:$H653,MATCH($M$1,$F653,0),3),0) -> 0 | N653: =IFERROR(INDEX($F653:$H653,MATCH($N$1,$F653,0),3),0) -> 0 | O653: =IFERROR(INDEX($F653:$H653,MATCH($O$1,$F653,0),3),0) -> 0 | P653: =IFERROR(INDEX($F653:$H653,MATCH($P$1,$F653,0),3),0) -> 113220 | Q653: =IFERROR(INDEX($F653:$H653,MATCH($Q$1,$F653,0),3),0) -> 0 | R653: =IFERROR(INDEX($F653:$H653,MATCH($R$1,$F653,0),3),0) -> 0 | S653: =IFERROR(INDEX($F653:$H653,MATCH($S$1,$F653,0),3),0) -> 0 | T653: =IFERROR(INDEX($F653:$H653,MATCH($T$1,$F653,0),3),0) -> 0 | U653: =IFERROR(INDEX($F653:$H653,MATCH($U$1,$F653,0),3),0) -> 0 | V653: =IFERROR(INDEX($F653:$H653,MATCH($V$1,$F653,0),3),0) -> 0
A654: C-00010413 | B654: 國崎真 | C654: kunisaki.cc@gmail.com | D654: Apex年間会員（自動更新） | E654: 2024/08/03 00:00:00 | F654: 2025/08/20 00:00:00 | G654: クレジットカード（ROBOT） | H654: =VLOOKUP(D654,[1]金額リスト!$A$2:$B$6,2,FALSE) -> 113220 | I654: 6 | J654: =IFERROR(INDEX($F654:$H654,MATCH($J$1,$F654,0),3),0) -> 0 | K654: =IFERROR(INDEX($F654:$H654,MATCH($K$1,$F654,0),3),0) -> 0 | L654: =IFERROR(INDEX($F654:$H654,MATCH($L$1,$F654,0),3),0) -> 0 | M654: =IFERROR(INDEX($F654:$H654,MATCH($M$1,$F654,0),3),0) -> 0 | N654: =IFERROR(INDEX($F654:$H654,MATCH($N$1,$F654,0),3),0) -> 0 | O654: =IFERROR(INDEX($F654:$H654,MATCH($O$1,$F654,0),3),0) -> 0 | P654: =IFERROR(INDEX($F654:$H654,MATCH($P$1,$F654,0),3),0) -> 113220 | Q654: =IFERROR(INDEX($F654:$H654,MATCH($Q$1,$F654,0),3),0) -> 0 | R654: =IFERROR(INDEX($F654:$H654,MATCH($R$1,$F654,0),3),0) -> 0 | S654: =IFERROR(INDEX($F654:$H654,MATCH($S$1,$F654,0),3),0) -> 0 | T654: =IFERROR(INDEX($F654:$H654,MATCH($T$1,$F654,0),3),0) -> 0 | U654: =IFERROR(INDEX($F654:$H654,MATCH($U$1,$F654,0),3),0) -> 0 | V654: =IFERROR(INDEX($F654:$H654,MATCH($V$1,$F654,0),3),0) -> 0
A655: C-00010380 | B655: 渡辺敏明 | C655: tswatana@gmail.com | D655: Apex年間会員（自動更新） | E655: 2024/05/03 00:00:00 | F655: 2025/05/20 00:00:00 | G655: クレジットカード（ROBOT） | H655: =VLOOKUP(D655,[1]金額リスト!$A$2:$B$6,2,FALSE) -> 113220 | I655: 9 | J655: =IFERROR(INDEX($F655:$H655,MATCH($J$1,$F655,0),3),0) -> 0 | K655: =IFERROR(INDEX($F655:$H655,MATCH($K$1,$F655,0),3),0) -> 0 | L655: =IFERROR(INDEX($F655:$H655,MATCH($L$1,$F655,0),3),0) -> 0 | M655: =IFERROR(INDEX($F655:$H655,MATCH($M$1,$F655,0),3),0) -> 113220 | N655: =IFERROR(INDEX($F655:$H655,MATCH($N$1,$F655,0),3),0) -> 0 | O655: =IFERROR(INDEX($F655:$H655,MATCH($O$1,$F655,0),3),0) -> 0 | P655: =IFERROR(INDEX($F655:$H655,MATCH($P$1,$F655,0),3),0) -> 0 | Q655: =IFERROR(INDEX($F655:$H655,MATCH($Q$1,$F655,0),3),0) -> 0 | R655: =IFERROR(INDEX($F655:$H655,MATCH($R$1,$F655,0),3),0) -> 0 | S655: =IFERROR(INDEX($F655:$H655,MATCH($S$1,$F655,0),3),0) -> 0 | T655: =IFERROR(INDEX($F655:$H655,MATCH($T$1,$F655,0),3),0) -> 0 | U655: =IFERROR(INDEX($F655:$H655,MATCH($U$1,$F655,0),3),0) -> 0 | V655: =IFERROR(INDEX($F655:$H655,MATCH($V$1,$F655,0),3),0) -> 0
